time,AirTemp,ShortWave,LongWave,RelHum,WindSpeed,Rain,Snow
2021-02-01 00:00,-1.3114,0,274.8,90.32,0,0,0
2021-02-01 01:00,-0.2612,0,276.15,90.52,0,0,0
2021-02-01 02:00,-1.6881,4.68,275.3,90.38,0,0,0
2021-02-01 03:00,-0.0439,46.78,278.05,90.665,0,0,0
2021-02-01 04:00,0.2026,105.995,281.95,90.8,0,0,0
2021-02-01 05:00,1.2983,157.42,286.05,91.345,0,0,0
2021-02-01 06:00,0.7933,200.86,289.25,91.63,0,0,0
2021-02-01 07:00,1.3636,217.01,292.15,92,5.2783,0,0
2021-02-01 08:00,2.3824,219.465,297.35,92.8,4.6297,0,0
2021-02-01 09:00,2.8401,187.67,300.2,93.835,5.9381,0,0
2021-02-01 10:00,1.4391,97.165,300.05,94.36,7.5149,0,0
2021-02-01 11:00,0.5899,27.895,300.7,95.07,7.9175,0,0
2021-02-01 12:00,0.1747,1.75,301.1,95.245,8.9799,0,0
2021-02-01 13:00,0.7075,0,300.65,95.2,9.4384,0,0
2021-02-01 14:00,0.6504,0,297.85,94.575,8.5885,0,0
2021-02-01 15:00,0.158,0,293,93.715,14.8174,0,0
2021-02-01 16:00,-1.3792,0,288.55,92.93,14.8733,0,0
2021-02-01 17:00,-5.8281,0,286.8,92.68,30.9208,0,0
2021-02-01 18:00,0.1945,0,284.85,92.335,0,0,0
2021-02-01 19:00,1.4083,0,284.35,92.195,0,0,0
2021-02-01 20:00,2.4322,0,284.8,92.31,0,0,0
2021-02-01 21:00,2.0474,0,286.45,92.58,0,0,0
2021-02-01 22:00,0.3215,0,286.85,92.615,7.09,0,0
2021-02-01 23:00,1.7719,0,287.2,92.61,0,0,0
2021-02-02 00:00,0.6797,0,285.9,92.355,0,0,0
2021-02-02 01:00,-1.3651,0,284.05,91.95,13.084,0,0
2021-02-02 02:00,-2.5011,4.305,281.95,91.655,16.5507,0,0
2021-02-02 03:00,-0.6364,35.23,282.35,91.795,8.253,0,0
2021-02-02 04:00,-13.5048,110.185,283.05,91.6,58.4196,0,0
2021-02-02 05:00,-2.9701,166.32,285.7,91.97,20.1628,0,0
2021-02-02 06:00,2.6793,168.78,288.9,92.83,0,0,0
2021-02-02 07:00,1.2197,208.75,293,93.64,9.6509,0,0
2021-02-02 08:00,1.6382,204.015,295.1,94.06,6.296,0,0
2021-02-02 09:00,1.6175,131.07,295.1,94.23,9.7515,0,0
2021-02-02 10:00,0.8027,81.375,296.65,94.585,14.5043,0,0
2021-02-02 11:00,-3.1479,25.795,296.2,94.625,23.965,0,0
2021-02-02 12:00,1.0201,0.89,295.55,94.58,10.21,0,0
2021-02-02 13:00,3.4936,0,293.6,94.185,0,0,0
2021-02-02 14:00,-4.5974,0,292.7,94.035,33.6047,0,0
2021-02-02 15:00,-4.3015,0.04,293,94.115,28.3823,0,0
2021-02-02 16:00,0.4295,0,293.65,94.34,13.2853,0,0
2021-02-02 17:00,-1.1407,0,294.2,94.485,17.7138,0,0
2021-02-02 18:00,3.5204,0,293.35,94.475,0,0,0
2021-02-02 19:00,-3.3031,0,292.4,94.365,27.1633,0,0
2021-02-02 20:00,0.7019,0,292.85,94.305,11.1606,0,0
2021-02-02 21:00,2.0708,0,292.95,94.245,8.8904,0,0
2021-02-02 22:00,3.07,0,292.95,94.18,3.7798,0,0
2021-02-02 23:00,4.0414,0,292.05,94.045,0,0,0
2021-02-03 00:00,4.2271,0,290.2,93.915,0,0,0
2021-02-03 01:00,3.865,0,290.15,93.73,0,0,0
2021-02-03 02:00,4.3655,4.965,290.95,93.8,0,0,0
2021-02-03 03:00,6.6131,43.185,292.9,93.955,0,0,0
2021-02-03 04:00,5.6268,97.35,294.65,94.115,0,0,0
2021-02-03 05:00,5.1768,136.59,297.05,94.48,0,0,0
2021-02-03 06:00,8.1785,159.475,301.5,95.01,0,0,0
2021-02-03 07:00,7.0888,148.575,303.35,95.42,0,0,0
2021-02-03 08:00,6.5417,147.01,303.85,95.6,0,0,0
2021-02-03 09:00,6.3416,94.05,305.25,96.04,0,0,0
2021-02-03 10:00,5.6785,44.06,297.05,94.99,0,0,0
2021-02-03 11:00,4.9717,24.16,289.7,94.08,0,0,0
2021-02-03 12:00,2.5326,6.464,290.499,94.7551,0,0,0
2021-02-03 13:00,6.0813,32.4357,292.0532,75.0513,0,0,0
2021-02-03 14:00,7.6109,53.1233,269.0377,76.8091,0,0,0
2021-02-03 15:00,7.744,50.7816,287.7254,79.5998,0,0,0
2021-02-03 16:00,9.6746,64.1794,279.2351,77.2762,0,0,0
2021-02-03 17:00,9.0413,69.775,296.5572,79.7274,0,0,0
2021-02-03 18:00,2.5113,71.3732,277.972,76.987,0,0,0
2021-02-03 19:00,6.4249,105.2839,266.7107,76.0343,0,0,0
2021-02-03 20:00,5.1538,20.28,267.6223,78.7281,0,0,0
2021-02-03 21:00,9.9321,61.9051,278.3222,78.6483,0,0,0
2021-02-03 22:00,5.8177,75.011,285.5563,75.1916,0,0,0
2021-02-03 23:00,6.6479,18.8886,281.2245,74.646,0,0,0
2021-02-04 00:00,5.1602,0,275.9959,76.0285,0,0,0
2021-02-04 01:00,7.3013,78.4772,274.9609,73.8352,0,0,0
2021-02-04 02:00,5.9771,114.412,282.9493,76.0165,0,0,0
2021-02-04 03:00,5.0735,57.3664,264.8088,78.6392,0,0,0
2021-02-04 04:00,5.4671,155.0708,170.016,72.5316,0,0,0
2021-02-04 05:00,-16.1213,159.515,168.75,73.64,13.0505,0,0
2021-02-04 06:00,-16.09,332.63,175.75,72.72,26.2463,0,0
2021-02-04 07:00,-15.4609,460.795,201.4,73.085,26.347,0,0
2021-02-04 08:00,-15.3745,445.7,202,74.825,25.6984,0,0
2021-02-04 09:00,-15.4834,367.865,190.45,72.74,26.3582,0,0
2021-02-04 10:00,-15.4114,227.745,197.9,75.965,27.0403,0,0
2021-02-04 11:00,-15.7993,74.635,177.25,74,27.387,0,0
2021-02-04 12:00,-16.4446,1.15,168.3,74.485,22.5224,0,0
2021-02-04 13:00,-16.9106,0,163.05,76.47,20.1852,0,0
2021-02-04 14:00,-16.8402,0,184.85,75.895,23.842,0,0
2021-02-04 15:00,-17.1666,0,183.35,76.93,25.7319,0,0
2021-02-04 16:00,-17.9448,0,179.35,77.055,24.636,0,0
2021-02-04 17:00,-18.0479,0,189.75,78.16,23.8755,0,0
2021-02-04 18:00,-18.1757,0,173.75,77.7,22.5448,0,0
2021-02-04 19:00,-18.8357,0,158.9,78.48,20.5319,0,0
2021-02-04 20:00,-19.296,0,156.45,78.935,19.8161,0,0
2021-02-04 21:00,-19.5592,0,156.65,79.1,22.1534,0,0
2021-02-04 22:00,-19.7951,0,161.25,78.98,23.3611,0,0
2021-02-04 23:00,-19.989,0,163.5,78.845,23.6295,0,0
2021-02-05 00:00,-20.3812,0,156.35,78.58,23.2829,0,0
2021-02-05 01:00,-20.538,0,154.15,78.385,21.6501,0,0
2021-02-05 02:00,-20.3745,8.165,161.5,78.05,18.5525,0,0
2021-02-05 03:00,-19.5376,82.65,202.65,77.475,17.9933,0,0
2021-02-05 04:00,-17.8308,171.22,208,77.615,18.0045,0,0
2021-02-05 05:00,-16.6137,281.875,197.65,76.495,20.2299,0,0
2021-02-05 06:00,-15.8148,326.795,220.65,73.725,24.4235,0,0
2021-02-05 07:00,-15.467,338.53,215.25,73.38,22.6678,0,0
2021-02-05 08:00,-15.4262,458.13,188.15,72.72,23.0033,0,0
2021-02-05 09:00,-15.941,375.65,169,68.685,23.6407,0,0
2021-02-05 10:00,-16.5034,240.135,198.85,70.61,22.8691,0,0
2021-02-05 11:00,-17.641,78.205,154.2,73.49,18.7202,0,0
2021-02-05 12:00,-18.453,1.44,146.65,71.365,13.1847,0,0
2021-02-05 13:00,-19.4535,0,144.7,72.9,8.924,0,0
2021-02-05 14:00,-20.5328,0,142.9,75.715,7.5037,0,0
2021-02-05 15:00,-20.7304,0,141,76.505,11.8315,0,0
2021-02-05 16:00,-21.2107,0,139.1,75.565,16.4054,0,0
2021-02-05 17:00,-22.0093,0,136.7,74.625,16.9533,0,0
2021-02-05 18:00,-22.9889,0,141.05,75.06,22.3211,0,0
2021-02-05 19:00,-23.8825,0,186.75,73.32,24.6807,0,0
2021-02-05 20:00,-24.4599,0,204.35,72.22,24.2558,0,0
2021-02-05 21:00,-25.0192,0,197.7,71.41,26.1233,0,0
2021-02-05 22:00,-25.891,0,151.5,71.115,25.3629,0,0
2021-02-05 23:00,-27.1048,0,122.5,71.385,26.6042,0,0
2021-02-06 00:00,-27.8353,0,121.2,70.62,26.1904,0,0
2021-02-06 01:00,-28.254,0,119.6,70.73,22.6454,0,0
2021-02-06 02:00,-28.5722,9.505,118.35,71.38,19.8832,0,0
2021-02-06 03:00,-28.3396,44.33,117.7,70.42,21.4265,0,0
2021-02-06 04:00,-27.827,190.375,119.05,69.16,22.6231,0,0
2021-02-06 05:00,-26.9713,467.04,120.95,67.49,20.8785,0,0
2021-02-06 06:00,-26.0568,567.3,123.25,65.82,19.8832,0,0
2021-02-06 07:00,-25.2732,594.195,124.85,63.75,19.2905,0,0
2021-02-06 08:00,-24.5186,555.915,126.75,63.99,21.0015,0,0
2021-02-06 09:00,-24.0754,456.795,127.5,64.22,19.9727,0,0
2021-02-06 10:00,-23.6941,310.885,127.3,63.395,18.9886,0,0
2021-02-06 11:00,-23.8326,132.54,125.45,63.39,16.931,0,0
2021-02-06 12:00,-24.8077,3.665,125.15,67.57,9.6061,0,0
2021-02-06 13:00,-25.3406,0,125.25,69.075,10.3554,0,0
2021-02-06 14:00,-25.4517,0,126.3,69.5,11.1941,0,0
2021-02-06 15:00,-25.9551,0,128.1,71.135,9.3266,0,0
2021-02-06 16:00,-26.7105,0,128.9,72.795,6.9222,0,0
2021-02-06 17:00,-27.0767,0,127.85,73.285,9.0358,0,0
2021-02-06 18:00,-27.5508,0,126.85,73.765,10.0535,0,0
2021-02-06 19:00,-27.9023,0,132,73.96,11.7085,0,0
2021-02-06 20:00,-28.3731,0,129.05,74.39,11.2612,0,0
2021-02-06 21:00,-28.726,0,129.35,74.455,7.9399,0,0
2021-02-06 22:00,-29.0723,0,131.6,74.67,9.6509,0,0
2021-02-06 23:00,-29.6972,0,136.8,74.685,4.3502,0,0
2021-02-07 00:00,-29.4583,0,161.25,74.72,6.1618,0,0
2021-02-07 01:00,-29.5395,0,148.05,74.515,5.8375,0,0
2021-02-07 02:00,-29.5613,15.175,153.7,74.685,7.8728,0,0
2021-02-07 03:00,-29.0353,94.865,178,73.965,8.2083,0,0
2021-02-07 04:00,-28.3559,219.605,178.75,71.595,7.7945,0,0
2021-02-07 05:00,-27.3017,291.23,188.4,70.54,8.2865,0,0
2021-02-07 06:00,-26.0254,475.64,166.35,69.435,9.5726,0,0
2021-02-07 07:00,-24.8539,447.28,186.65,68.18,11.5408,0,0
2021-02-07 08:00,-24.5031,403.485,183.1,68.945,11.5296,0,0
2021-02-07 09:00,-23.8034,334.15,194.75,67.795,11.1717,0,0
2021-02-07 10:00,-23.881,176.48,195.9,68.93,10.7803,0,0
2021-02-07 11:00,-24.4122,66.14,158.5,70.475,9.6956,0,0
2021-02-07 12:00,-24.9421,2.4,160.15,73.045,6.8551,0,0
2021-02-07 13:00,-26.1585,0,131.95,75.73,7.0564,0,0
2021-02-07 14:00,-26.9567,0,128.55,76.64,7.1012,0,0
2021-02-07 15:00,-27.7288,0,126.65,76.355,6.6203,0,0
2021-02-07 16:00,-27.8845,0,125.85,76.015,7.4702,0,0
2021-02-07 17:00,-28.131,0,125.6,75.925,7.3584,0,0
2021-02-07 18:00,-28.409,0,124.65,76.12,7.4814,0,0
2021-02-07 19:00,-28.9939,0,124.05,75.875,7.6939,0,0
2021-02-07 20:00,-28.9089,0,124.15,75.145,8.13,0,0
2021-02-07 21:00,-29.475,0,123.95,75.105,7.3472,0,0
2021-02-07 22:00,-29.3429,0,124.65,75.055,8.5214,0,0
2021-02-07 23:00,-29.784,0,124.95,75.015,7.8951,0,0
2021-02-08 00:00,-29.5351,0,126.05,74.835,7.8728,0,0
2021-02-08 01:00,-29.5541,0,126.3,74.63,8.8904,0,0
2021-02-08 02:00,-29.2671,31.54,126.85,74.695,6.967,0,0
2021-02-08 03:00,-29.4092,216.985,128.6,74.465,7.336,0,0
2021-02-08 04:00,-28.3467,355.435,130,74.865,8.7003,0,0
2021-02-08 05:00,-26.2472,530.485,130.55,75.4,9.047,0,0
2021-02-08 06:00,-24.3749,621.27,131.05,75.58,11.5408,0,0
2021-02-08 07:00,-22.3313,636.99,140.85,73.905,15.3318,0,0
2021-02-08 08:00,-21.0246,531.755,147.65,67.31,19.1116,0,0
2021-02-08 09:00,-20.6646,468.895,141.2,66.605,17.915,0,0
2021-02-08 10:00,-20.8032,317.89,134.7,64.74,20.0286,0,0
2021-02-08 11:00,-21.5002,135.75,131.4,65.335,15.712,0,0
2021-02-08 12:00,-22.497,4.375,130.4,68.36,14.1129,0,0
2021-02-08 13:00,-23.6529,0,128.95,69.835,13.5202,0,0
2021-02-08 14:00,-23.9794,0,131.55,69.6,15.4772,0,0
2021-02-08 15:00,-23.4076,0,132.5,67.285,18.6308,0,0
2021-02-08 16:00,-24.1748,0,129.55,65.95,16.6178,0,0
2021-02-08 17:00,-25.5198,0,127.2,70.815,15.5107,0,0
2021-02-08 18:00,-25.739,0,125.55,70.86,16.8639,0,0
2021-02-08 19:00,-25.3274,0,123.6,68.025,18.4854,0,0
2021-02-08 20:00,-25.9159,0,122.65,69.69,18.6308,0,0
2021-02-08 21:00,-25.747,0,122.3,69.46,21.337,0,0
2021-02-08 22:00,-25.7966,0,123,68.985,18.7649,0,0
2021-02-08 23:00,-25.8234,0,125.65,68.66,18.5189,0,0
2021-02-09 00:00,-26.1013,0,127.05,69.425,16.9198,0,0
2021-02-09 01:00,-26.3094,0,128,69.75,15.1529,0,0
2021-02-09 02:00,-26.0997,27.305,129.85,67.98,19.1899,0,0
2021-02-09 03:00,-25.6388,176.685,130.95,66.81,19.6149,0,0
2021-02-09 04:00,-24.4193,349.615,133,63.305,22.802,0,0
2021-02-09 05:00,-23.4493,489.365,135.25,61.475,25.9779,0,0
2021-02-09 06:00,-22.6523,567.42,141.05,61.49,26.8055,0,0
2021-02-09 07:00,-21.7239,585.415,148.7,62.75,26.6825,0,0
2021-02-09 08:00,-20.7284,546.665,151.95,62.58,30.2945,0,0
2021-02-09 09:00,-19.9244,466.225,142.6,59.785,29.4558,0,0
2021-02-09 10:00,-19.5191,324.01,141.55,59.63,26.1457,0,0
2021-02-09 11:00,-19.5493,143.535,140.1,59.7,23.3052,0,0
2021-02-09 12:00,-20.0041,9.98,139.7,61.28,21.4489,0,0
2021-02-09 13:00,-20.8499,0,139.65,64.34,16.6178,0,0
2021-02-09 14:00,-21.5003,0,140.7,65.79,16.159300000000002,0,0
2021-02-09 15:00,-20.6758,0,187.5,62.275,21.4377,0,0
2021-02-09 16:00,-20.5348,0,178.75,62.47,20.0398,0,0
2021-02-09 17:00,-21.0427,0,164.9,64.97,16.7632,0,0
2021-02-09 18:00,-21.3324,0,142.05,65.125,16.998,0,0
2021-02-09 19:00,-24.2367,0,132.95,70.25,11.921,0,0
2021-02-09 20:00,-26.0243,0,128.45,73.485,11.0935,0,0
2021-02-09 21:00,-26.3299,0,128.45,74.5,13.207,0,0
2021-02-09 22:00,-25.9253,0,129,73.26,11.4066,0,0
2021-02-09 23:00,-25.7799,0,129.55,71.245,15.9133,0,0
2021-02-10 00:00,-26.1982,0,129.8,68.995,14.9068,0,0
2021-02-10 01:00,-26.9757,0,129.8,69.64,12.4019,0,0
2021-02-10 02:00,-27.4421,29.525,129.4,71.995,11.0375,0,0
2021-02-10 03:00,-26.2107,179.465,130.95,67.525,15.4101,0,0
2021-02-10 04:00,-25.592,350.91,133,66.15,17.0316,0,0
2021-02-10 05:00,-24.8093,486.885,135.8,65.885,17.669,0,0
2021-02-10 06:00,-23.9804,576.045,136.2,61.385,19.2123,0,0
2021-02-10 07:00,-23.3065,602.65,138.1,61.49,19.3688,0,0
2021-02-10 08:00,-22.9611,569.37,138.95,61.93,19.5142,0,0
2021-02-10 09:00,-22.674,475.295,139.7,61.275,18.6867,0,0
2021-02-10 10:00,-22.5474,314.21,138.2,61.42,17.5125,0,0
2021-02-10 11:00,-22.7845,146.55,136.1,63.575,15.5443,0,0
2021-02-10 12:00,-23.9388,8.57,133.55,71.085,9.662,0,0
2021-02-10 13:00,-25.1788,0,132.6,75.05,7.1906,0,0
2021-02-10 14:00,-25.9477,0,133.9,76.145,6.911,0,0
2021-02-10 15:00,-26.3765,0,137.05,76.47,5.502,0,0
2021-02-10 16:00,-26.2336,0,135.55,75.895,7.459,0,0
2021-02-10 17:00,-26.553,0,134.45,75.605,7.1683,0,0
2021-02-10 18:00,-26.9631,0,133.55,75.545,7.1906,0,0
2021-02-10 19:00,-27.3727,0,134.5,72.66,9.1812,0,0
2021-02-10 20:00,-27.684,0,133.85,72.27,9.3601,0,0
2021-02-10 21:00,-27.6538,0,139.6,72.56,11.6191,0,0
2021-02-10 22:00,-27.6811,0,150.45,73.16,12.2677,0,0
2021-02-10 23:00,-27.7589,0,160.65,72.6,11.552,0,0
2021-02-11 00:00,-28.0062,0,163.85,72.465,11.4737,0,0
2021-02-11 01:00,-28.3948,0,153.05,72.98,10.6573,0,0
2021-02-11 02:00,-28.7831,15.835,143.75,72.86,9.3937,0,0
2021-02-11 03:00,-28.346,168.47,145.35,72.155,11.9434,0,0
2021-02-11 04:00,-27.7629,345.665,131.85,70.445,13.1064,0,0
2021-02-11 05:00,-26.9271,532.1,139.85,64.51,15.4548,0,0
2021-02-11 06:00,-26.4206,555.46,150.95,61.3,17.054,0,0
2021-02-11 07:00,-26.0711,471.495,178.4,60.85,17.3112,0,0
2021-02-11 08:00,-25.9384,392.995,173.55,59.565,17.669,0,0
2021-02-11 09:00,-25.6467,303.615,178.25,60.355,18.0492,0,0
2021-02-11 10:00,-25.551,168.075,187.95,62.715,17.7585,0,0
2021-02-11 11:00,-25.6106,73.98,182.5,64.62,15.2759,0,0
2021-02-11 12:00,-26.0599,6.26,137.75,62.695,13.8556,0,0
2021-02-11 13:00,-26.9215,0,119.75,65.72,9.6956,0,0
2021-02-11 14:00,-27.5674,0,118.55,71.335,9.1812,0,0
2021-02-11 15:00,-27.9302,0,134.5,73.735,7.8951,0,0
2021-02-11 16:00,-29.1552,0,116.1,75.87,6.4414,0,0
2021-02-11 17:00,-29.8566,0,115.05,75.395,6.7098,0,0
2021-02-11 18:00,-29.8071,0,115.05,73.87,8.4655,0,0
2021-02-11 19:00,-30.857,0,114.5,73.53,7.0341,0,0
2021-02-11 20:00,-31.1104,0,117.5,74.635,6.4525,0,0
2021-02-11 21:00,-31.8989,0,119.6,74.105,5.8039,0,0
2021-02-11 22:00,-31.1074,0,145,73.84,6.542,0,0
2021-02-11 23:00,-31.3655,0,133.65,73.45,6.967,0,0
2021-02-12 00:00,-31.356,0,123.6,73.335,8.6891,0,0
2021-02-12 01:00,-32.4593,0,122.7,72.57,7.3472,0,0
2021-02-12 02:00,-32.5299,45.375,123.75,72.74,8.3648,0,0
2021-02-12 03:00,-31.006,217.23,128.85,73.14,12.1447,0,0
2021-02-12 04:00,-29.7983,415.03,127.5,73.145,14.9068,0,0
2021-02-12 05:00,-28.652,559.36,126.9,72.67,14.9628,0,0
2021-02-12 06:00,-27.6881,644.5,126.5,67.47,15.1529,0,0
2021-02-12 07:00,-26.6993,635.66,134.2,62.425,14.4148,0,0
2021-02-12 08:00,-26.0183,566.365,142.85,61.835,12.8939,0,0
2021-02-12 09:00,-25.3135,406.17,167.1,63.665,12.9163,0,0
2021-02-12 10:00,-24.8382,216.425,169,64.445,13.4083,0,0
2021-02-12 11:00,-24.7044,131.935,140.25,65.505,11.8986,0,0
2021-02-12 12:00,-25.3816,6.705,129.8,72.4,8.1412,0,0
2021-02-12 13:00,-26.9475,0,121.9,75.065,5.5803,0,0
2021-02-12 14:00,-28.1557,0,120.7,73.615,5.4908,0,0
2021-02-12 15:00,-29.6222,0,119.95,76.435,2.5162,0,0
2021-02-12 16:00,-29.2768,0,121,76.675,1.6886,0,0
2021-02-12 17:00,-30.4324,0,122.55,75.355,4.8981,0,0
2021-02-12 18:00,-30.6173,0,124.25,74.81,4.5626,0,0
2021-02-12 19:00,-29.4569,0,126.55,75.415,7.3919,0,0
2021-02-12 20:00,-29.4114,0,128.5,74.975,9.293,0,0
2021-02-12 21:00,-29.9822,0,129.75,74.42,8.8904,0,0
2021-02-12 22:00,-30.7548,0,126.95,73.8,8.1524,0,0
2021-02-12 23:00,-31.5077,0,125.45,73.365,8.8681,0,0
2021-02-13 00:00,-32.4831,0,124.45,72.78,9.293,0,0
2021-02-13 01:00,-33.2994,0,124,72.2,6.4749,0,0
2021-02-13 02:00,-33.3594,57.005,123.9,72.12,7.4143,0,0
2021-02-13 03:00,-32.3542,232.8,125.3,72.37,10.5679,0,0
2021-02-13 04:00,-31.2889,398.21,126.75,72.35,11.7868,0,0
2021-02-13 05:00,-30.508,515.7,126.5,72.365,12.5249,0,0
2021-02-13 06:00,-29.8851,573.07,125.45,72.245,11.2053,0,0
2021-02-13 07:00,-29.208,550.96,129.2,72.335,11.9993,0,0
2021-02-13 08:00,-28.49,515.96,127.9,71.785,14.8062,0,0
2021-02-13 09:00,-28.2579,421.79,133.45,68.08,15.4324,0,0
2021-02-13 10:00,-28.6741,361.735,126.3,62.205,14.8621,0,0
2021-02-13 11:00,-29.2405,131.635,137,64.805,13.1064,0,0
2021-02-13 12:00,-29.997,10.455,115.75,65.885,11.552,0,0
2021-02-13 13:00,-30.6797,0,110.65,67.735,8.6779,0,0
2021-02-13 14:00,-31.4293,0,110.6,70.5,6.0052,0,0
2021-02-13 15:00,-32.0613,0,110.65,70.86,6.3072,0,0
2021-02-13 16:00,-32.2057,0,110.5,71.055,7.3584,0,0
2021-02-13 17:00,-32.3747,0,111.1,70.78,7.4926,0,0
2021-02-13 18:00,-32.0862,0,111.75,69.865,9.8298,0,0
2021-02-13 19:00,-32.1061,0,112.5,69.12,10.3666,0,0
2021-02-13 20:00,-31.6811,0,113.55,69.345,15.1305,0,0
2021-02-13 21:00,-31.6216,0,114.05,70.535,13.0617,0,0
2021-02-13 22:00,-32.044,0,113.65,71.79,8.1971,0,0
2021-02-13 23:00,-32.663,0,113.65,73.43,5.4237,0,0
2021-02-14 00:00,-33.1805,0,113.8,73.245,7.213,0,0
2021-02-14 01:00,-33.2457,0,113.6,73.34,9.9752,0,0
2021-02-14 02:00,-33.1264,51.555,114.15,73.595,11.7644,0,0
2021-02-14 03:00,-32.0261,239.375,116,72.62,12.715,0,0
2021-02-14 04:00,-30.5453,424.625,118.1,71.88,14.1688,0,0
2021-02-14 05:00,-28.6225,573.11,121.2,70.045,13.9898,0,0
2021-02-14 06:00,-26.9983,650.35,123.95,63.2,14.9628,0,0
2021-02-14 07:00,-25.7412,649.48,126.2,60.09,13.9787,0,0
2021-02-14 08:00,-24.8473,600.5,127.45,57.885,13.2518,0,0
2021-02-14 09:00,-24.1186,502.57,128.3,55.935,11.1382,0,0
2021-02-14 10:00,-23.5265,355.035,128,52.74,10.1317,0,0
2021-02-14 11:00,-23.4179,171.52,127.2,52.54,7.9734,0,0
2021-02-14 12:00,-24.8809,17.045,126.55,60.63,3.1648,0,0
2021-02-14 13:00,-27.1749,0,126.1,72.945,2.7398,0,0
2021-02-14 14:00,-27.8002,0,126.85,72.49,3.2654,0,0
2021-02-14 15:00,-27.958,0,127.1,70.66,4.8198,0,0
2021-02-14 16:00,-27.8999,0,127.3,70.16,5.1441,0,0
2021-02-14 17:00,-28.0078,0,127.4,68.78,4.6968,0,0
2021-02-14 18:00,-28.3621,0,127.2,66.09,5.3231,0,0
2021-02-14 19:00,-28.6077,0,128.05,66.96,5.3343,0,0
2021-02-14 20:00,-28.9995,0,129.05,70.375,5.5803,0,0
2021-02-14 21:00,-26.9365,0,131,65.885,7.5037,0,0
2021-02-14 22:00,-26.6556,0,132.15,65.135,6.9222,0,0
2021-02-14 23:00,-27.7447,0,132.85,67.6,6.3966,0,0
2021-02-15 00:00,-28.0203,0,133.4,70.325,6.2065,0,0
2021-02-15 01:00,-27.5408,0,134.45,71.52,6.4078,0,0
2021-02-15 02:00,-28.0667,45.53,134.7,73.11,5.8822,0,0
2021-02-15 03:00,-25.7725,212.755,136.9,71.96,5.2672,0,0
2021-02-15 04:00,-23.926,383.185,139.55,69.93,6.1953,0,0
2021-02-15 05:00,-21.4629,521.32,142.85,66.13,7.09,0,0
2021-02-15 06:00,-19.5754,609.585,145.35,56.3,8.8457,0,0
2021-02-15 07:00,-18.6198,611.68,147.75,52.105,9.8857,0,0
2021-02-15 08:00,-17.9037,595.45,149.15,51.36,11.0599,0,0
2021-02-15 09:00,-17.387,506.02,148.55,51.06,12.2453,0,0
2021-02-15 10:00,-17.1806,360.98,147.35,52.49,12.6367,0,0
2021-02-15 11:00,-17.4837,175.92,146.7,54.235,9.8298,0,0
2021-02-15 12:00,-19.0852,18.83,144.45,57.17,7.9399,0,0
2021-02-15 13:00,-21.1211,0,141.45,62.3,6.9334,0,0
2021-02-15 14:00,-22.8455,0,139.9,68.435,5.6809,0,0
2021-02-15 15:00,-24.1097,0,138.35,69.385,7.0005,0,0
2021-02-15 16:00,-25.1486,0,137,71.035,6.0052,0,0
2021-02-15 17:00,-25.5648,0,136.05,74.03,5.2112,0,0
2021-02-15 18:00,-25.2725,0,136,74.925,7.0341,0,0
2021-02-15 19:00,-25.2649,0,136.4,73.985,5.9158,0,0
2021-02-15 20:00,-27.0357,0,136.8,76.04,4.1265,0,0
2021-02-15 21:00,-27.8765,0,138.1,77.2,5.1218,0,0
2021-02-15 22:00,-28.2893,0,138.35,77.58,3.1536,0,0
2021-02-15 23:00,-28.661,0,138.85,77.345,4.1153,0,0
2021-02-16 00:00,-28.9143,0,140.95,77.035,5.4461,0,0
2021-02-16 01:00,-29.041,0,144.8,76.98,3.4667,0,0
2021-02-16 02:00,-28.4757,45.065,149.2,75.75,3.8134,0,0
2021-02-16 03:00,-26.6059,166.715,150.55,74.415,6.4637,0,0
2021-02-16 04:00,-24.0214,369.31,151.2,68.185,11.5296,0,0
2021-02-16 05:00,-21.7616,544.85,146.65,57.74,12.8715,0,0
2021-02-16 06:00,-20.1381,634.735,152.2,52.63,14.3253,0,0
2021-02-16 07:00,-18.7346,653.525,152.15,50.87,13.7774,0,0
2021-02-16 08:00,-17.5651,631.65,154.4,48.17,14.3701,0,0
2021-02-16 09:00,-16.6195,513.27,156.2,47.125,13.9116,0,0
2021-02-16 10:00,-16.4576,300.72,157.4,46.86,13.5984,0,0
2021-02-16 11:00,-17.4233,105.875,167.65,54.175,11.2165,0,0
2021-02-16 12:00,-18.5707,14.045,180.15,58.905,11.25,0,0
2021-02-16 13:00,-19.5012,0,184.85,60.86,9.9193,0,0
2021-02-16 14:00,-19.8359,0,195.95,62.025,9.7627,0,0
2021-02-16 15:00,-20.8171,0,167.7,64.97,9.1029,0,0
2021-02-16 16:00,-21.3636,0,181.5,67.81,8.1076,0,0
2021-02-16 17:00,-21.4368,0,182.8,70.3,6.8328,0,0
2021-02-16 18:00,-21.8444,0,180.45,74.76,5.625,0,0
2021-02-16 19:00,-21.2958,0,205.4,77.205,4.4955,0,0
2021-02-16 20:00,-21.1459,0,185.2,79.52,5.1553,0,0
2021-02-16 21:00,-21.5969,0,190.9,80.4,5.1889,0,0
2021-02-16 22:00,-21.2886,0,203.4,80.6,3.0641,0,0
2021-02-16 23:00,-21.7566,0,179.45,81.195,2.7286,0,0
2021-02-17 00:00,-22.5398,0,174.35,82.01,1.1966,0,0
2021-02-17 01:00,-23.0622,0,177.35,81.78,1.6886,0,0
2021-02-17 02:00,-23.0255,27.095,192.1,81.245,2.8181,0,0
2021-02-17 03:00,-20.9368,201.12,204.15,80.685,3.6121,0,0
2021-02-17 04:00,-19.6782,259.67,209,76.09,6.3743,0,0
2021-02-17 05:00,-18.9006,389.665,192.25,69.415,4.8198,0,0
2021-02-17 06:00,-17.7209,597.195,170.7,60.455,4.1712,0,0
2021-02-17 07:00,-16.8392,621.59,170.15,57.475,4.037,0,0
2021-02-17 08:00,-16.2661,569.13,174.2,59.52,4.2719,0,0
2021-02-17 09:00,-15.7846,491.885,171.45,57.715,3.1312,0,0
2021-02-17 10:00,-15.8193,344.14,169,60.37,3.6009,0,0
2021-02-17 11:00,-15.8273,167.35,166.9,60.975,2.8964,0,0
2021-02-17 12:00,-16.7998,18.425,166.05,69.245,1.3755,0,0
2021-02-17 13:00,-18.947,0,165.5,81.22,1.0288,0,0
2021-02-17 14:00,-19.3582,0,166.95,78.87,2.2925,0,0
2021-02-17 15:00,-19.6692,0,170.05,78.375,2.8069,0,0
2021-02-17 16:00,-20.5031,0,185.95,78.485,3.9588,0,0
2021-02-17 17:00,-18.2353,0.82,240.35,78.345,5.4014,0,0
2021-02-17 18:00,-16.7589,0.05,244,77.25,5.5244,0,0
2021-02-17 19:00,-15.8314,0,246.15,76.855,7.9734,0,0
2021-02-17 20:00,-15.1376,0,247.6,76.155,8.2977,0,0
2021-02-17 21:00,-14.5494,0,248.65,77.47,9.0134,0,0
2021-02-17 22:00,-14.273,0,249.55,81.04,7.9846,0,0
2021-02-17 23:00,-14.3696,0,249.9,83.805,9.5055,0,0
2021-02-18 00:00,-14.445,0,246.25,83.915,10.9928,0,0
2021-02-18 01:00,-15.5448,0,228.45,81.985,11.9769,0,0
2021-02-18 02:00,-17.1101,25.2,175.85,81.695,11.3842,0,0
2021-02-18 03:00,-16.967,214.4,206.05,80.665,10.7692,0,0
2021-02-18 04:00,-16.1658,245.39,223.85,76.8,12.1558,0,0
2021-02-18 05:00,-15.5652,365.385,220.25,74.06,13.2294,0,0
2021-02-18 06:00,-15.1036,485.355,209.45,72.56,14.0793,0,0
2021-02-18 07:00,-14.5619,670.185,209.3,71.265,14.5937,0,0
2021-02-18 08:00,-13.8698,479.09,228.35,71.58,14.2694,0,0
2021-02-18 09:00,-13.192,318.585,237.45,71.3,13.3636,0,0
2021-02-18 10:00,-12.8715,200.455,237.65,71.255,13.3636,0,0
2021-02-18 11:00,-12.8414,90.34,225.1,71.525,11.5296,0,0
2021-02-18 12:00,-13.1397,13.295,221.75,73.83,9.841,0,0
2021-02-18 13:00,-15.369,0,178.45,78.59,3.668,0,0
2021-02-18 14:00,-16.3759,0,190.05,80.68,4.8758,0,0
2021-02-18 15:00,-17.9074,0,163.3,83.79,5.5915,0,0
2021-02-18 16:00,-17.8645,0,162.55,84.21,5.9046,0,0
2021-02-18 17:00,-17.1578,0,188.5,83.85,8.1971,0,0
2021-02-18 18:00,-16.069,0,231.05,83.27,7.1459,0,0
2021-02-18 19:00,-15.7437,0,236.45,82.45,3.9252,0,0
2021-02-18 20:00,-15.013,0,242.4,81.965,3.5338,0,0
2021-02-18 21:00,-14.847,0,237.2,81.74,1.7557,0,0
2021-02-18 22:00,-15.6192,0,220.5,84.295,1.5321,0,0
2021-02-18 23:00,-16.971,0,179.3,85.955,1.8116,0,0
2021-02-19 00:00,-18.8987,0,168.6,85.48,2.3149,0,0
2021-02-19 01:00,-19.134,0,169.85,86.24,4.037,0,0
2021-02-19 02:00,-19.0185,81.71,172.35,83.98,2.3372,0,0
2021-02-19 03:00,-14.0781,273.945,172.05,83.37,1.7222,0,0
2021-02-19 04:00,-14.6244,472.93,166.05,84.105,2.5497,0,0
2021-02-19 05:00,-13.4093,622.605,164.5,76.35,5.133,0,0
2021-02-19 06:00,-12.3991,646.96,167.45,66.91,4.7192,0,0
2021-02-19 07:00,-10.9309,655.26,173.95,62.17,5.256,0,0
2021-02-19 08:00,-10.1654,617.765,176.75,65.95,5.6362,0,0
2021-02-19 09:00,-9.2055,520.4,178.85,64.635,5.7145,0,0
2021-02-19 10:00,-8.177,375.47,179.6,60.755,7.0341,0,0
2021-02-19 11:00,-8.1529,191.085,179.2,65.55,6.0276,0,0
2021-02-19 12:00,-10.3981,26.65,178.7,74.4,3.5226,0,0
2021-02-19 13:00,-12.2084,0,179.9,85.405,2.8516,0,0
2021-02-19 14:00,-12.8784,0,180.9,82.38,4.093,0,0
2021-02-19 15:00,-13.6675,0,180.9,80.72,4.037,0,0
2021-02-19 16:00,-14.3,0,180.5,80.195,4.6074,0,0
2021-02-19 17:00,-13.0197,0,181.15,76.05,7.7833,0,0
2021-02-19 18:00,-11.7286,0,195.1,75.69,10.8586,0,0
2021-02-19 19:00,-10.5065,0,209.3,76.1,11.1494,0,0
2021-02-19 20:00,-9.4226,0,208.35,75.465,14.5825,0,0
2021-02-19 21:00,-8.8977,0,240.15,77.315,13.6767,0,0
2021-02-19 22:00,-9.499,0,210.35,78.9,12.9834,0,0
2021-02-19 23:00,-10.2674,0,202.3,80.015,11.3619,0,0
2021-02-20 00:00,-11.186,0,200.8,81.525,10.635,0,0
2021-02-20 01:00,-12.5289,0,201.2,84.115,8.9463,0,0
2021-02-20 02:00,-11.9208,57.955,201.6,83.465,7.2577,0,0
2021-02-20 03:00,-9.3311,227.6,208.2,77.59,15.3765,0,0
2021-02-20 04:00,-7.6835,402.5,212.85,74.775,17.0763,0,0
2021-02-20 05:00,-5.2845,497.875,253.8,72.39,12.9163,0,0
2021-02-20 06:00,-4.0815,545.075,248.8,70.735,11.6191,0,0
2021-02-20 07:00,-2.5032,623.29,223.7,69.425,10.0199,0,0
2021-02-20 08:00,-0.875,610.905,219.15,67.54,10.635,0,0
2021-02-20 09:00,0.0782,511.27,218.55,65.345,7.0564,0,0
2021-02-20 10:00,0.3796,365.055,218.8,65.49,6.296,0,0
2021-02-20 11:00,0.2634,187.295,218.5,67.41,6.1842,0,0
2021-02-20 12:00,-1.6768,26.585,216.85,74.345,2.8628,0,0
2021-02-20 13:00,-4.485,0,215.2,85.52,2.1807,0,0
2021-02-20 14:00,-5.878,0,220.5,88.84,2.5944,0,0
2021-02-20 15:00,-4.7798,0,242.4,85.005,2.628,0,0
2021-02-20 16:00,-5.1038,0,215.1,86.45,3.243,0,0
2021-02-20 17:00,-6.0931,0,214.9,90.14,4.2831,0,0
2021-02-20 18:00,-5.3442,0,216.85,87.21,6.5644,0,0
2021-02-20 19:00,-3.1142,0,218.4,76.905,11.5296,0,0
2021-02-20 20:00,-4.0934,0,215.4,78.89,10.4896,0,0
2021-02-20 21:00,-4.3678,0,215.7,79.63,10.6461,0,0
2021-02-20 22:00,-4.8333,0,215.25,80.5,11.6862,0,0
2021-02-20 23:00,-5.2787,0,212.8,79.71,11.2836,0,0
2021-02-21 00:00,-5.8792,0,211.45,78.645,10.1653,0,0
2021-02-21 01:00,-7.4372,0,205.15,79.24,10.8251,0,0
2021-02-21 02:00,-7.5301,62.16,203.95,78.425,11.0711,0,0
2021-02-21 03:00,-6.0133,233.08,206.3,75.76,15.589,0,0
2021-02-21 04:00,-4.282,406.485,209.6,72.665,14.5266,0,0
2021-02-21 05:00,-2.7615,542.98,212.8,71.065,15.7791,0,0
2021-02-21 06:00,-1.2365,626.165,214,67.76,15.0634,0,0
2021-02-21 07:00,0.516,653.11,216.2,63.995,16.0587,0,0
2021-02-21 08:00,1.4513,617.065,217.75,59.725,15.6449,0,0
2021-02-21 09:00,2.6294,519.755,221.35,56.38,14.8621,0,0
2021-02-21 10:00,3.4141,374.87,223.45,54.59,14.6496,0,0
2021-02-21 11:00,2.9083,197.095,221.1,57.445,12.3907,0,0
2021-02-21 12:00,1.0396,21.91,220.5,64.13,8.622,0,0
2021-02-21 13:00,-0.1892,0,221.6,65.685,8.8792,0,0
2021-02-21 14:00,-1.3059,0,237.65,68.95,8.4431,0,0
2021-02-21 15:00,-0.9183,0,278.4,68.36,9.4048,0,0
2021-02-21 16:00,-1.3412,0,254.35,68.695,9.8522,0,0
2021-02-21 17:00,-1.3072,0,255.3,66.98,12.5808,0,0
2021-02-21 18:00,-1.2043,0,278.9,68.405,12.8268,0,0
2021-02-21 19:00,-1.2356,0,255.8,70.435,17.1211,0,0
2021-02-21 20:00,-1.242,0,255.05,72.51,19.7826,0,0
2021-02-21 21:00,-0.7269,0,256.7,72.705,19.6931,0,0
2021-02-21 22:00,-0.4691,0,265.5,73.67,19.7155,0,0
2021-02-21 23:00,-0.4973,0,266.8,74.645,20.2187,0,0
2021-02-22 00:00,-0.5082,0,272.7,75.865,20.722,0,0
2021-02-22 01:00,0.0637,0,279.9,75.445,20.6884,0,0
2021-02-22 02:00,0.4552,23.585,282.1,75.475,18.6531,0,0
2021-02-22 03:00,1.0567,147.805,254.1,73.98,17.4789,0,0
2021-02-22 04:00,2.5219,259.07,271.25,70.72,18.6084,0,0
2021-02-22 05:00,3.8261,383.395,287.4,66.91,21.639,0,0
2021-02-22 06:00,4.482,187.025,320.85,67.18,22.2876,0,0
2021-02-22 07:00,2.055,117.105,325.25,89.475,21.5159,0.012,0
2021-02-22 08:00,2.9768,310.75,314.9,86.895,19.7379,0,0
2021-02-22 09:00,4.1879,488.59,249.8,82.445,21.9744,0,0
2021-02-22 10:00,5.5457,377.41,246.65,72.315,25.5865,0,0
2021-02-22 11:00,5.1487,183.595,236.3,67.86,27.8008,0,0
2021-02-22 12:00,4.0826,34.78,230,69.565,29.6907,0,0
2021-02-22 13:00,3.3477,0,229.4,68.99,28.2257,0,0
2021-02-22 14:00,2.8415,0,230.25,70.425,30.0709,0,0
2021-02-22 15:00,2.1622,0,225.4,73.73,23.842,0,0
2021-02-22 16:00,1.4637,0,222.15,76.425,19.2905,0,0
2021-02-22 17:00,0.8093,0,224.3,78.765,15.7903,0,0
2021-02-22 18:00,-0.4855,0,217.05,83.26,15.2982,0,0
2021-02-22 19:00,-1.5375,0,215.9,86.055,16.1705,0,0
2021-02-22 20:00,-1.8245,0,217,84.13,13.1623,0,0
2021-02-22 21:00,-1.631,0,219.15,81.94,14.2135,0,0
2021-02-22 22:00,-1.7137,0,228.95,80.73,10.7021,0,0
2021-02-22 23:00,-2.1195,0,273.25,81.92,5.1218,0,0
2021-02-23 00:00,-2.7798,0,290.65,86.73,4.16,0,0
2021-02-23 01:00,-2.6427,0,292.35,87.33,2.7957,0,0
2021-02-23 02:00,-2.1343,14.31,299.55,85.25,4.8422,0,0
2021-02-23 03:00,-1.2871,48.705,301.3,83.65,6.4749,0,0
2021-02-23 04:00,0.0966,121.605,306.15,81.03,10.2883,0,0
2021-02-23 05:00,0.4534,134.52,312.75,82.96,11.3619,0,0
2021-02-23 06:00,0.2223,94.26,316.75,91.75,8.0405,0,0
2021-02-23 07:00,0.1689,147.4,320.25,95.715,5.256,0,0
2021-02-23 08:00,-0.0638,85.785,318.55,97.29,7.336,0.012,0
2021-02-23 09:00,-0.4964,55.23,317.9,97.285,8.5326,0.012,0
2021-02-23 10:00,-0.8297,51.46,315.55,96.99,5.6138,0.012,0
2021-02-23 11:00,-1.0587,23.365,314,96.81,6.1394,0,0
2021-02-23 12:00,-1.3232,4.13,311.8,96.145,0,0,0
2021-02-23 13:00,-1.4327,0,310.9,95.435,0,0,0
2021-02-23 14:00,-1.6733,0,309.5,94.745,0,0,0
2021-02-23 15:00,-1.8732,0,306.15,94.565,0,0,0
2021-02-23 16:00,-2.6383,0,300.6,94.18,0,0,0
2021-02-23 17:00,-3.2543,0,298.5,94.26,0,0,0
2021-02-23 18:00,-4.5362,0,279.55,93.295,0,0,0
2021-02-23 19:00,-4.8876,0,290.55,94.655,0,0,0
2021-02-23 20:00,-5.4688,0,292.85,95.045,0,0,0
2021-02-23 21:00,-5.9916,0,290.7,93.8,0,0,0
2021-02-23 22:00,-6.8553,0,287.2,93.26,0,0,0
2021-02-23 23:00,-6.6918,0,287.6,93.075,0,0,0
2021-02-24 00:00,0.9657,0,288.25,93.14,0,0,0
2021-02-24 01:00,1.1843,0.73,288.35,93.015,0,0,0
2021-02-24 02:00,3.0252,15.905,291.5,93.44,0,0,0
2021-02-24 03:00,3.9037,42.32,295.2,93.985,0,0,0
2021-02-24 04:00,3.561,94.85,300,94.765,0,0,0
2021-02-24 05:00,-3.1254,218.065,308,95.545,0,0,0
2021-02-24 06:00,-2.5237,204.815,309.05,91.445,0,0,0
2021-02-24 07:00,-2.2269,394.595,301.95,85.4,13.7326,0,0
2021-02-24 08:00,-1.0664,581.635,254.85,80.895,18.3735,0,0
2021-02-24 09:00,-0.8633,441.37,249.05,78.875,15.5331,0,0
2021-02-24 10:00,-0.9897,236.72,266.15,79.715,21.583,0,0
2021-02-24 11:00,-3.7397,82.1,288.8,87.675,25.128,0,0
2021-02-24 12:00,-4.0841,6.5,291.05,85.99,17.7697,0,0
2021-02-24 13:00,-4.4364,0,283.85,85.725,18.7538,0,0
2021-02-24 14:00,-5.2594,0,251.9,85.57,17.1993,0,0
2021-02-24 15:00,-6.6118,0,200.5,87.56,17.4342,0,0
2021-02-24 16:00,-8.1628,0,188.1,88.315,15.8238,0,0
2021-02-24 17:00,-8.4935,0,188.85,86.92,14.795,0,0
2021-02-24 18:00,-8.4322,0,191.25,87.215,13.8892,0,0
2021-02-24 19:00,-8.3005,0,193,89.325,10.881,0,0
2021-02-24 20:00,-8.071,0,193.3,90.135,11.6526,0,0
2021-02-24 21:00,-7.6808,0,195.45,89.03,13.1176,0,0
2021-02-24 22:00,-8.1753,0,195.1,88.1,13.2406,0,0
2021-02-24 23:00,-8.4301,0,194.85,88.145,12.6814,0,0
2021-02-25 00:00,-9.4414,0,192.95,89.795,10.4113,0,0
2021-02-25 01:00,-9.3427,0,193.25,89.78,13.3748,0,0
2021-02-25 02:00,-8.3423,127.485,194.7,86.975,13.4083,0,0
2021-02-25 03:00,-7.5442,283.395,195.2,86.75,12.4019,0,0
2021-02-25 04:00,-5.065,381.8,203.5,84.33,13.632,0,0
2021-02-25 05:00,-2.111,512.015,209.3,80.24,15.0634,0,0
2021-02-25 06:00,-0.3291,634.695,212.25,69.095,14.7726,0,0
2021-02-25 07:00,1.2385,680.405,213.95,61.5,15.6785,0,0
2021-02-25 08:00,2.8523,642.79,217.85,51.995,15.8015,0,0
2021-02-25 09:00,4.0981,548.94,222.05,43.79,16.629,0,0
2021-02-25 10:00,4.4954,405.785,218.05,39.005,17.0763,0,0
2021-02-25 11:00,3.9633,192.06,219.05,39.97,14.6944,0,0
2021-02-25 12:00,2.1644,34.31,223.8,49.13,10.6573,0,0
2021-02-25 13:00,0.6326,0,222.8,56.03,10.3218,0,0
2021-02-25 14:00,-0.3265,0,232,59.61,9.2259,0,0
2021-02-25 15:00,-0.4086,0,236.35,60.68,12.3348,0,0
2021-02-25 16:00,0.4305,0,248.75,56.235,13.6991,0,0
2021-02-25 17:00,0.7475,0,261.25,57.98,14.2582,0,0
2021-02-25 18:00,0.8845,0,262.75,58.845,13.6655,0,0
2021-02-25 19:00,0.8194,0,275.15,60.225,13.9787,0,0
2021-02-25 20:00,-0.0075,0,274.8,63.51,10.456,0,0
2021-02-25 21:00,-0.8374,0,273.9,67.925,9.0694,0,0
2021-02-25 22:00,-1.4873,0,274.4,71.41,8.376,0,0
2021-02-25 23:00,-1.9177,0,275.05,74.99,8.7786,0,0
2021-02-26 00:00,-2.2994,0,264.3,75.71,8.9799,0,0
2021-02-26 01:00,-2.9196,0,251.45,76.78,8.6332,0,0
2021-02-26 02:00,-2.9858,57.505,232.45,76.945,9.1924,0,0
2021-02-26 03:00,-0.8343,233.81,217.45,70.32,13.1735,0,0
2021-02-26 04:00,1.4061,433.415,219.15,62.105,14.8509,0,0
2021-02-26 05:00,3.0514,567.9,224.3,54.82,16.3159,0,0
2021-02-26 06:00,4.3103,651.115,227.8,48.43,19.8721,0,0
2021-02-26 07:00,5.2035,674.35,230.9,44.055,21.4377,0,0
2021-02-26 08:00,5.6093,637.405,232.2,42.965,21.4153,0,0
2021-02-26 09:00,5.6729,533.705,232.65,42.74,19.3353,0,0
2021-02-26 10:00,5.0109,395.715,231.05,49.545,15.8462,0,0
2021-02-26 11:00,3.6132,230.85,230.55,59.895,12.1782,0,0
2021-02-26 12:00,1.227,28.39,222.45,72.705,7.582,0,0
2021-02-26 13:00,-0.4772,0,221.9,82.365,7.8728,0,0
2021-02-26 14:00,-1.5054,0,221.95,86.605,7.9846,0,0
2021-02-26 15:00,-2.6721,0,225.85,87.255,4.954,0,0
2021-02-26 16:00,-3.6499,0,227.05,89.38,1.8452,0,0
2021-02-26 17:00,-4.5516,0,217.7,91.13,1.4202,0,0
2021-02-26 18:00,-4.9163,0,220.35,93.705,1.9235,0,0
2021-02-26 19:00,-4.8112,0,229.4,93.64,2.9635,0,0
2021-02-26 20:00,-4.3276,0.085,295.15,95.77,6.0835,0,0
2021-02-26 21:00,-4.2109,0,298.55,95.99,8.7339,0,0
2021-02-26 22:00,-4.3802,0,297.9,95.29,10.6238,0,0
2021-02-26 23:00,-5.9307,0,290.2,93.625,10.9481,0,0
2021-02-27 00:00,-5.7597,0,280.65,91.805,12.1335,0,0
2021-02-27 01:00,0.0155,0.305,275.8,90.76,8.8681,0,0
2021-02-27 02:00,2.032,14.245,271.25,89.78,0,0,0
2021-02-27 03:00,0.8817,53.59,269.95,89.315,0,0,0
2021-02-27 04:00,1.1149,93.755,268.9,88.84,0,0,0
2021-02-27 05:00,1.5302,161.91,271.55,89.025,0,0,0
2021-02-27 06:00,1.8918,189.045,271.9,88.945,0,0,0
2021-02-27 07:00,2.0897,204.435,271,88.615,0,0,0
2021-02-27 08:00,2.1495,182.49,271.15,88.49,0,0,0
2021-02-27 09:00,1.1464,133.265,268.4,87.925,0,0,0
2021-02-27 10:00,-0.7681,76.35,263.35,87.4,0,0,0
2021-02-27 11:00,0.4553,43.145,266,87.525,0,0,0
2021-02-27 12:00,0.4079,9.265,263.95,87.31,0,0,0
2021-02-27 13:00,-0.9015,0.04,261.1,87.01,0,0,0
2021-02-27 14:00,-1.8632,0,257.15,86.775,0,0,0
2021-02-27 15:00,-3.8926,0,252.1,86.485,0,0,0
2021-02-27 16:00,-2.9345,0,249.6,86.275,0,0,0
2021-02-27 17:00,-3.9514,0,242.95,86,0,0,0
2021-02-27 18:00,-6.0648,0,237.65,85.715,0,0,0
2021-02-27 19:00,-5.8146,0,234.65,85.63,0,0,0
2021-02-27 20:00,-6.264,0,231.65,85.805,0,0,0
2021-02-27 21:00,-7.0793,0,222.8,85.29,0,0,0
2021-02-27 22:00,-6.8055,0,220.6,84.75,0,0,0
2021-02-27 23:00,-6.0006,0,220.1,84.635,0,0,0
2021-02-28 00:00,-7.3146,0,219.85,84.95,0,0,0
2021-02-28 01:00,-9.3432,1.14,216.9,84.915,0,0,0
2021-02-28 02:00,-7.5291,86.49,216.5,85.225,0,0,0
2021-02-28 03:00,-12.6908,202.455,186.4,85.335,0,0,0
2021-02-28 04:00,-12.0867,335.555,180.75,85.495,18.9774,0,0
2021-02-28 05:00,-11.3572,492.005,182.3,83.71,0,0,0
2021-02-28 06:00,-9.557,683.3,188.65,80.205,0,0,0
2021-02-28 07:00,-7.9239,695.055,206.6,76.895,0,0,0
2021-02-28 08:00,-6.7788,502.96,227.55,75.36,4.7416,0,0
2021-02-28 09:00,-6.0946,344.275,239.4,73.365,13.632,0,0
2021-02-28 10:00,-5.6376,216.675,239.05,72.685,2.08,0,0
2021-02-28 11:00,-5.4797,82.725,259.65,73.92,2.6839,0,0
2021-02-28 12:00,-6.2614,17.88,271.35,77.13,4.093,0,0
2021-02-28 13:00,-8.1384,0,276.15,86.745,6.7769,0,0
2021-02-28 14:00,-9.7413,0,270.85,87.69,14.3701,0,0
2021-02-28 15:00,-10.7552,0,267.2,87.665,6.8775,0,0
2021-02-28 16:00,-11.4467,0,263.1,87.185,13.4083,0,0
2021-02-28 17:00,-12.1708,0,260.05,86.72,14.3365,0,0
2021-02-28 18:00,-12.5992,0,257.35,86.34,13.0952,0,0
2021-02-28 19:00,-13.2337,0,214.8,86.51,11.4625,0,0
2021-02-28 20:00,-15.941,0,181.75,86.91,5.9717,0,0
2021-02-28 21:00,-16.3705,0,206.15,85.99,3.9699,0,0
2021-02-28 22:00,-16.6512,0,216.3,85.1,4.4844,0,0
2021-02-28 23:00,-18.6097,0,205.35,82.735,2.3708,0,0
2021-03-01 00:00,-19.7065,0,197.95,80.71,2.9523,0,0
2021-03-01 01:00,-20.9667,1.61,197,78.545,3.3437,0,0
2021-03-01 02:00,-20.715,78.48,197.35,78.08,4.7192,0,0
2021-03-01 03:00,-18.471,240.565,189.5,74.765,9.2371,0,0
2021-03-01 04:00,-16.1354,333.75,239.05,68.33,10.2324,0,0
2021-03-01 05:00,-13.9055,420.06,255.65,67.345,12.3907,0,0
2021-03-01 06:00,-11.3919,541.405,258.3,66.69,13.6096,0,0
2021-03-01 07:00,-9.156,445.77,268.3,68.26,14.1576,0,0
2021-03-01 08:00,-6.4396,541.315,243.35,68.11,16.2152,0,0
2021-03-01 09:00,-3.6802,457.885,237.55,65.425,15.1193,0,0
2021-03-01 10:00,-1.7117,343.78,244,59.64,15.7456,0,0
2021-03-01 11:00,-1.1638,123.005,236.75,61.915,12.2453,0,0
2021-03-01 12:00,-1.3843,24.235,248.55,67.445,8.4655,0,0
2021-03-01 13:00,-1.5247,0,254.85,69.925,10.4672,0,0
2021-03-01 14:00,-1.3236,0,256.7,68.38,14.001,0,0
2021-03-01 15:00,-1.7955,0,260.6,72.29,15.0969,0,0
2021-03-01 16:00,-1.5955,0,249.25,72.045,15.1752,0,0
2021-03-01 17:00,-1.4994,0,260.05,73.01,15.589,0,0
2021-03-01 18:00,-0.6063,0,260.2,72.625,17.2776,0,0
2021-03-01 19:00,-1.071,0,259.25,76.255,13.9004,0,0
2021-03-01 20:00,-0.4269,0,245.8,73.575,18.586,0,0
2021-03-01 21:00,-1.2129,0,244.05,76.15,17.9821,0,0
2021-03-01 22:00,-2.2759,0,235.1,79.545,13.7885,0,0
2021-03-01 23:00,-2.6627,0,232.7,80.62,14.9963,0,0
2021-03-02 00:00,-2.5856,0,231.85,79.76,16.014,0,0
2021-03-02 01:00,-2.1425,0.855,232.95,77.2,19.2011,0,0
2021-03-02 02:00,-1.5487,96.375,234.6,74.83,19.626,0,0
2021-03-02 03:00,-0.2195,274.515,235.15,71.315,20.0622,0,0
2021-03-02 04:00,2.848,450.96,239.95,64.555,18.3512,0,0
2021-03-02 05:00,5.6358,585.425,245.1,58.54,20.1516,0,0
2021-03-02 06:00,6.6741,658.915,246.55,58.135,21.4824,0,0
2021-03-02 07:00,7.17,690.405,246.7,57.985,23.6743,0,0
2021-03-02 08:00,7.6143,649.23,247.8,58.31,23.0145,0,0
2021-03-02 09:00,7.6341,556.88,247.5,57.635,19.9392,0,0
2021-03-02 10:00,7.3293,413.67,245.85,57.825,17.0092,0,0
2021-03-02 11:00,6.3809,239.775,242.15,62.06,14.2694,0,0
2021-03-02 12:00,4.4499,59.55,238.7,68.975,10.1541,0,0
2021-03-02 13:00,2.0753,0,233.7,77.13,7.2242,0,0
2021-03-02 14:00,0.6793,0,232.9,81.665,5.4349,0,0
2021-03-02 15:00,-0.1166,0,246,85.4,5.4796,0,0
2021-03-02 16:00,-0.475,0,249.65,87.35,4.5179,0,0
2021-03-02 17:00,-0.2321,0,271.5,89.22,3.0641,0,0
2021-03-02 18:00,-0.3655,0,294.3,90.705,1.8116,0,0
2021-03-02 19:00,-0.9129,0,272,92.4,3.914,0,0
2021-03-02 20:00,-0.8156,0,284.25,92.84,4.1824,0,0
2021-03-02 21:00,-1.6028,0,255.05,93.525,5.502,0,0
2021-03-02 22:00,-1.5992,0,280.55,94.01,8.9128,0,0
2021-03-02 23:00,-2.1661,0,272.15,88.42,8.7115,0,0
2021-03-03 00:00,-3.0443,0,229.45,87.765,8.0405,0,0
2021-03-03 01:00,-3.5331,0.68,261.8,93.7,8.3648,0,0
2021-03-03 02:00,-3.2239,36.985,290.55,97.02,10.1765,0,0
2021-03-03 03:00,-2.7666,112.51,289.15,96.41,9.5838,0,0
2021-03-03 04:00,-1.5277,215.695,232.3,85.795,10.6014,0,0
2021-03-03 05:00,0.1615,417.64,231.85,77.545,12.0105,0,0
2021-03-03 06:00,1.9404,643.62,235.9,72.59,12.1447,0,0
2021-03-03 07:00,3.6121,673.68,240.45,66.915,11.8539,0,0
2021-03-03 08:00,4.8588,631.58,243.4,62.665,12.2341,0,0
2021-03-03 09:00,6.1475,536.515,246.8,59.72,11.9098,0,0
2021-03-03 10:00,6.6008,407.305,247.85,57.845,11.3059,0,0
2021-03-03 11:00,6.2493,226.175,247.2,61.34,10.0982,0,0
2021-03-03 12:00,4.1182,55.97,244.35,71.435,6.05,0,0
2021-03-03 13:00,1.7077,0,245.2,82.66,4.3837,0,0
2021-03-03 14:00,0.7146,0,241.5,86.59,4.0147,0,0
2021-03-03 15:00,0.1699,0,240.85,88.55,3.791,0,0
2021-03-03 16:00,0.1216,0,239.15,90.07,5.3007,0,0
2021-03-03 17:00,-0.3549,0,237.3,91.97,4.6521,0,0
2021-03-03 18:00,-0.9511,0,236.95,93.51,4.1489,0,0
2021-03-03 19:00,-1.2524,0,247.75,95.725,3.3437,0,0
2021-03-03 20:00,-1.4413,0,257.2,96.09,2.1695,0,0
2021-03-03 21:00,-1.7445,0,270.15,97.255,0.8164,0,0
2021-03-03 22:00,-2.1744,0,284.7,97.645,1.5432,0,0
2021-03-03 23:00,-2.6036,0,292.65,97.695,1.7222,0,0
2021-03-04 00:00,-3.0515,0,294.8,97.685,1.1071,0,0
2021-03-04 01:00,-2.6717,1.78,297.15,97.135,2.5273,0,0
2021-03-04 02:00,0.1285,47.405,306.15,96.86,4.1712,0,0
2021-03-04 03:00,0.3238,244.5,298.65,97.645,5.9605,0,0
2021-03-04 04:00,1.6451,413.675,253,93.25,5.9046,0,0
2021-03-04 05:00,4.1828,577.5,247.55,83.35,6.5979,0,0
2021-03-04 06:00,6.1321,660.175,251.5,74.72,6.3855,0,0
2021-03-04 07:00,7.922,681.435,255.75,68.285,6.2177,0,0
2021-03-04 08:00,9.7292,642.055,260.35,61.87,7.0452,0,0
2021-03-04 09:00,10.5723,546.445,262.65,61.55,7.4366,0,0
2021-03-04 10:00,10.2483,390.705,262.7,66.245,8.5549,0,0
2021-03-04 11:00,8.8631,218.52,260.1,73.43,8.253,0,0
2021-03-04 12:00,5.9148,52.355,254.9,81.78,5.6362,0,0
2021-03-04 13:00,3.473,0,250.3,90.155,5.077,0,0
2021-03-04 14:00,1.9924,0,245.4,94.27,4.8981,0,0
2021-03-04 15:00,0.9906,0,253.75,96.165,3.6233,0,0
2021-03-04 16:00,0.6674,0,275.25,95.54,3.3996,0,0
2021-03-04 17:00,0.2856,0,285.3,96.865,2.3596,0,0
2021-03-04 18:00,0.3223,0,294.05,97,3.7015,0,0
2021-03-04 19:00,-1.7722,0,292.35,97.125,1.2749,0,0
2021-03-04 20:00,-2.7666,0,297.45,97.44,2.5944,0,0
2021-03-04 21:00,-2.6901,0,298.3,97.405,2.6727,0,0
2021-03-04 22:00,0.8632,0,297.8,96.92,2.2701,0,0
2021-03-04 23:00,-0.4849,0,295.95,96.615,2.5609,0,0
2021-03-05 00:00,1.3499,0,295.9,96.12,2.8405,0,0
2021-03-05 01:00,0.8599,2.51,294,95.9,2.5833,0,0
2021-03-05 02:00,0.9177,102.795,300,96.13,2.7622,0,0
2021-03-05 03:00,1.2041,263.405,301.2,97.075,5.3566,0,0
2021-03-05 04:00,3.0784,439.925,255.55,87.435,10.8251,0,0
2021-03-05 05:00,4.4867,589.14,240.85,75.36,12.2453,0,0
2021-03-05 06:00,5.6498,672.795,242.75,67.015,12.6591,0,0
2021-03-05 07:00,6.4236,698.24,244.65,62.67,12.3683,0,0
2021-03-05 08:00,7.0913,663.375,246.25,61.735,10.5902,0,0
2021-03-05 09:00,7.8649,568.295,248.3,59.91,8.5885,0,0
2021-03-05 10:00,8.0705,426.595,248.65,60.32,9.5279,0,0
2021-03-05 11:00,7.0696,230.41,247.25,64.62,9.2259,0,0
2021-03-05 12:00,4.3704,40.785,247.9,73.495,6.5979,0,0
2021-03-05 13:00,2.0697,0,253.95,81.39,5.5691,0,0
2021-03-05 14:00,0.9069,0,243.1,85.75,5.4014,0,0
2021-03-05 15:00,0.2646,0,240.45,85.815,4.5626,0,0
2021-03-05 16:00,-0.0822,0,243.55,87.215,4.16,0,0
2021-03-05 17:00,-0.149,0,245.35,87.345,5.7257,0,0
2021-03-05 18:00,-0.8489,0,239.05,90.11,5.8039,0,0
2021-03-05 19:00,-1.0178,0,233.35,93.46,5.5803,0,0
2021-03-05 20:00,-1.5999,0,241.85,95.15,3.3661,0,0
2021-03-05 21:00,-1.662,0,246.95,96.1,7.1235,0,0
2021-03-05 22:00,-2.1291,0,229.6,95.25,5.5691,0,0
2021-03-05 23:00,-2.0274,0,229.85,93.695,4.9093,0,0
2021-03-06 00:00,-2.4543,0,232.15,95.06,4.2495,0,0
2021-03-06 01:00,-1.7734,3.155,236.4,95.59,7.582,0,0
2021-03-06 02:00,-1.0964,45.585,300.2,97.16,10.456,0,0
2021-03-06 03:00,-0.4389,125.94,299.45,97.88,9.7068,0,0
2021-03-06 04:00,0.2671,222.17,308.9,97.915,11.2836,0,0
2021-03-06 05:00,1.6664,423.11,275.05,94.66,13.8556,0,0
2021-03-06 06:00,6.1132,619.685,249.05,69.87,15.4436,0,0
2021-03-06 07:00,8.1202,670.14,254.25,57.715,16.5731,0,0
2021-03-06 08:00,9.1099,620.48,258.65,52.34,17.9598,0,0
2021-03-06 09:00,9.8685,532.64,261.75,54.1,18.888,0,0
2021-03-06 10:00,10.3954,388.13,266.9,54.1,19.4583,0,0
2021-03-06 11:00,9.4528,210.655,264.65,58.535,19.134,0,0
2021-03-06 12:00,6.6294,28.62,259.75,70.75,16.2152,0,0
2021-03-06 13:00,4.9481,0,262.85,77.06,15.1864,0,0
2021-03-06 14:00,3.7728,0,253.85,83.635,14.8062,0,0
2021-03-06 15:00,3.244,0,257.05,87.825,15.9021,0,0
2021-03-06 16:00,2.9761,0,266.8,90.13,17.1434,0,0
2021-03-06 17:00,2.7567,0,275.95,91.17,16.0475,0,0
2021-03-06 18:00,2.3315,0,272.05,92.89,14.8621,0,0
2021-03-06 19:00,2.2042,0,267.5,93.75,13.5202,0,0
2021-03-06 20:00,2.2877,0,257.55,92.36,10.4337,0,0
2021-03-06 21:00,2.949,0,266.1,86.58,8.6556,0,0
2021-03-06 22:00,4.7649,0,278.45,74.435,10.4337,0,0
2021-03-06 23:00,4.357,0,279.65,71.76,10.0758,0,0
2021-03-07 00:00,4.114,0,265.95,69.23,13.6096,0,0
2021-03-07 01:00,2.9961,3.745,248.6,74.725,18.2953,0,0
2021-03-07 02:00,2.795,117.98,243.55,76.805,23.0927,0,0
2021-03-07 03:00,4.3026,299.165,246.2,68.52,25.0274,0,0
2021-03-07 04:00,5.6226,470.71,248.85,62.69,27.7448,0,0
2021-03-07 05:00,6.7188,604.88,251.7,59.61,25.9108,0,0
2021-03-07 06:00,8.34,691.765,254.9,54.255,22.5448,0,0
2021-03-07 07:00,9.5484000000000009,716.855,258.2,50.57,24.2222,0,0
2021-03-07 08:00,9.9781,677.04,259.5,48.18,25.6313,0,0
2021-03-07 09:00,10.2344,582.635,259.35,44.655,23.8532,0,0
2021-03-07 10:00,10.1688,416.95,257.35,42.685,23.0256,0,0
2021-03-07 11:00,9.2444,240.515,254.85,45,19.9392,0,0
2021-03-07 12:00,6.9716,52.635,251.95,51.135,11.2053,0,0
2021-03-07 13:00,4.8583,0,245.5,58.95,7.9958,0,0
2021-03-07 14:00,4.249,0,244.25,61.085,8.0629,0,0
2021-03-07 15:00,4.2418,0,242.75,60.27,9.0246,0,0
2021-03-07 16:00,3.0975,0,242.3,63.52,7.3919,0,0
2021-03-07 17:00,0.7295,0,241.75,71.25,3.5674,0,0
2021-03-07 18:00,0.4276,0,246.25,73.825,2.1695,0,0
2021-03-07 19:00,0.6461,0,244.8,71.83,2.3596,0,0
2021-03-07 20:00,-0.3585,0,239.35,75.995,5.3119,0,0
2021-03-07 21:00,-0.088,0,237.55,76.145,5.9158,0,0
2021-03-07 22:00,0.2159,0,238,73.32,5.5803,0,0
2021-03-07 23:00,0.0808,0,237.1,73.085,6.3519,0,0
2021-03-08 00:00,-0.8146,0,236.4,76.2,6.2513,0,0
2021-03-08 01:00,-2.2088,9.045,235.7,82.385,3.176,0,0
2021-03-08 02:00,0.6684,117.55,238.15,75.61,4.2271,0,0
2021-03-08 03:00,4.5214,290.35,244,63.735,7.213,0,0
2021-03-08 04:00,7.4097,417.32,262.95,51.495,7.8169,0,0
2021-03-08 05:00,8.8807,270.395,323.8,46.38,8.2194,0,0
2021-03-08 06:00,11.5548,548.385,311.75,36.595,10.9816,0,0
2021-03-08 07:00,13.2483,688.19,272,29.77,13.4754,0,0
2021-03-08 08:00,13.8937,672.305,276.7,28.035,13.9563,0,0
2021-03-08 09:00,13.4782,441.865,288.95,30.245,14.9739,0,0
2021-03-08 10:00,13.429,390.835,285.2,32.23,15.0746,0,0
2021-03-08 11:00,11.396,135.3,289.8,41.245,12.346,0,0
2021-03-08 12:00,9.798,73.94,277.85,47.815,10.1541,0,0
2021-03-08 13:00,7.1923,0,277.15,53.92,10.0199,0,0
2021-03-08 14:00,6.0759,0,281.45,60.625,7.582,0,0
2021-03-08 15:00,5.4372,0,277.35,65.875,9.3825,0,0
2021-03-08 16:00,4.5625,0,281.4,73.315,9.4496,0,0
2021-03-08 17:00,4.4398,0,289.85,76.345,10.6909,0,0
2021-03-08 18:00,4.7979,0,307.15,77.02,10.7692,0,0
2021-03-08 19:00,4.6313,0,303.6,80.99,9.1812,0,0
2021-03-08 20:00,3.6331,0,280.25,86.405,8.9352,0,0
2021-03-08 21:00,2.7786,0,262.95,90.215,8.9911,0,0
2021-03-08 22:00,2.3409,0,270.35,92.71,6.4525,0,0
2021-03-08 23:00,2.7545,0,280.1,91.905,5.0994,0,0
2021-03-09 00:00,1.9638,0,280.55,92.365,5.625,0,0
2021-03-09 01:00,0.9426,6.395,275.85,94.575,3.12,0,0
2021-03-09 02:00,2.6239,66.69,285.35,92.805,3.9811,0,0
2021-03-09 03:00,4.9648,139.89,297.85,87.765,5.4461,0,0
2021-03-09 04:00,6.2918,283.815,291.15,78.715,10.4337,0,0
2021-03-09 05:00,7.2652,540.13,274.95,72.67,14.918,0,0
2021-03-09 06:00,6.4004,565.41,281.95,75.565,20.0063,0,0
2021-03-09 07:00,4.8089,423.17,309.95,81.41,19.8832,0,0
2021-03-09 08:00,6.2092,301.59,335.2,75.745,21.7955,0,0
2021-03-09 09:00,7.264,327.205,327.75,69.19,22.1646,0,0
2021-03-09 10:00,7.3347,204.74,334.1,68.8,23.8755,0,0
2021-03-09 11:00,5.8956,85.495,335,70.645,24.7366,0,0
2021-03-09 12:00,4.2354,19.65,318.95,76.28,21.6613,0,0
2021-03-09 13:00,3.1342,0,324.75,81.23,15.4436,0,0
2021-03-09 14:00,2.3904,0,322.9,85.3,12.9498,0,0
2021-03-09 15:00,1.9256,0,317.8,87.17,11.9881,0,0
2021-03-09 16:00,1.482,0,315,87.985,10.4784,0,0
2021-03-09 17:00,1.1305,0,305.05,88.27,9.6509,0,0
2021-03-09 18:00,0.4358,0,307.4,90.755,12.2118,0,0
2021-03-09 19:00,-0.8171,0,307.65,90.71,15.5666,0,0
2021-03-09 20:00,-1.7008,0,303.3,88.525,17.1211,0,0
2021-03-09 21:00,-2.2674,0,262.5,87.06,15.8015,0,0
2021-03-09 22:00,-2.5072,0,297.3,88.37,14.1464,0,0
2021-03-09 23:00,-3.0073,0,300.05,91.315,12.7485,0,0
2021-03-10 00:00,-3.13,0,301.05,94.065,12.3795,0,0
2021-03-10 01:00,-3.9486,2.34,297.15,94.27,12.2118,0,0
2021-03-10 02:00,-4.4042,22.22,295.6,95.39,11.4178,0,0
2021-03-10 03:00,-4.3753,48.215,296,95.845,12.6591,0,0
2021-03-10 04:00,-4.0678,96.23,296.65,95.18,12.6591,0,0
2021-03-10 05:00,-3.1131,162.14,297.3,90.395,13.1288,0,0
2021-03-10 06:00,-1.9285,242.625,286.15,82.005,13.9004,0,0
2021-03-10 07:00,-0.7151,298.54,274.85,73.695,12.4354,0,0
2021-03-10 08:00,-0.4743,276.85,279.15,71.44,14.9068,0,0
2021-03-10 09:00,-0.396,232.91,279.35,70.58,17.971,0,0
2021-03-10 10:00,-0.5035,134.425,281.9,72.415,18.5189,0,0
2021-03-10 11:00,-0.121,64.52,284.4,72.81,17.792,0,0
2021-03-10 12:00,-0.2169,17.41,282,72.27,18.1275,0,0
2021-03-10 13:00,-0.6865,0,280.5,70.94,17.2105,0,0
2021-03-10 14:00,-1.0969,0,275.9,72.705,15.2647,0,0
2021-03-10 15:00,-1.5551,0,264.2,75.78,14.2023,0,0
2021-03-10 16:00,-2.148,0,253.05,77.4,12.6255,0,0
2021-03-10 17:00,-2.6548,0,245.25,77.255,10.9257,0,0
2021-03-10 18:00,-2.7373,0,258.3,77.31,12.6479,0,0
2021-03-10 19:00,-2.9447,0,257.8,76.22,12.1894,0,0
2021-03-10 20:00,-3.2741,0,245.45,74.36,13.0952,0,0
2021-03-10 21:00,-3.7547,0,234.45,73.315,12.9834,0,0
2021-03-10 22:00,-4.1076,0,240.8,70.05,10.4896,0,0
2021-03-10 23:00,-3.2933,0,236.4,60.2,12.469,0,0
2021-03-11 00:00,-3.6077,0,229,66.095,10.4784,0,0
2021-03-11 01:00,-4.2736,10.245,219.3,74.815,11.7085,0,0
2021-03-11 02:00,-2.8251,81.715,243.65,85.145,18.8768,0,0
2021-03-11 03:00,-1.3689,123.255,294.5,82.695,20.1516,0,0
2021-03-11 04:00,-0.8586,254.57,285.2,76.41,22.131,0,0
2021-03-11 05:00,-0.7402,278.22,297.05,72.55,21.5719,0,0
2021-03-11 06:00,-1.1143,286.92,297.5,70.71,20.8673,0,0
2021-03-11 07:00,-1.4063,354.865,291.85,68.415,21.4377,0,0
2021-03-11 08:00,-1.8024,362.475,282.1,67.31,20.174,0,0
2021-03-11 09:00,-2.1522,241.97,284.65,67.415,18.5525,0,0
2021-03-11 10:00,-1.9302,198.875,269.6,63.355,14.7503,0,0
2021-03-11 11:00,-1.6349,228.705,226.25,56.97,13.8892,0,0
2021-03-11 12:00,-2.4389,87.71,207.95,56.9,13.0505,0,0
2021-03-11 13:00,-4.1379,0,208.2,62.085,8.376,0,0
2021-03-11 14:00,-5.7997,0,199.05,66.9,7.6603,0,0
2021-03-11 15:00,-7.8166,0,194.55,69.655,4.5067,0,0
2021-03-11 16:00,-9.0503,0,190.45,68.675,4.1377,0,0
2021-03-11 17:00,-9.2812,0,188.9,62.69,3.8917,0,0
2021-03-11 18:00,-10.3929,0,188.1,67.99,3.3661,0,0
2021-03-11 19:00,-10.8199,0,188.25,72.22,2.9858,0,0
2021-03-11 20:00,-10.9347,0,188.65,78.08,2.7957,0,0
2021-03-11 21:00,-10.899,0,189.1,76.335,2.4491,0,0
2021-03-11 22:00,-11.6271,0,188.95,82.5,2.6392,0,0
2021-03-11 23:00,-11.8071,0,189.55,80.99,3.3884,0,0
2021-03-12 00:00,-11.8509,0,190.1,78.56,3.8134,0,0
2021-03-12 01:00,-11.3745,16.495,192.8,78.475,4.4061,0,0
2021-03-12 02:00,-8.8016,151.49,196.2,73.845,7.6044,0,0
2021-03-12 03:00,-5.9248,340.605,203.3,68.185,9.6956,0,0
2021-03-12 04:00,-2.7671,514.685,212,61.775,10.6238,0,0
2021-03-12 05:00,0.5073,647.46,220.95,56.575,11.4066,0,0
2021-03-12 06:00,3.4438,730.01,229.05,51.345,11.8875,0,0
2021-03-12 07:00,5.6327,756.515,235.2,47.53,11.6302,0,0
2021-03-12 08:00,7.6508,716.765,239.85,42.365,10.2547,0,0
2021-03-12 09:00,9.4711,618.26,245.1,37.195,10.0535,0,0
2021-03-12 10:00,10.7197,473.035,246.45,32.06,11.2277,0,0
2021-03-12 11:00,10.4153,290.625,244.65,31.89,11.7644,0,0
2021-03-12 12:00,8.0399,95.75,241.8,36.975,7.3136,0,0
2021-03-12 13:00,3.1156,0,240.5,52.305,4.3502,0,0
2021-03-12 14:00,1.4546,0,237.9,62.35,4.9093,0,0
2021-03-12 15:00,1.9694,0,237.65,75.465,8.9687,0,0
2021-03-12 16:00,1.8915,0,248.65,80.765,9.1253,0,0
2021-03-12 17:00,1.1725,0,243.6,85.39,8.0964,0,0
2021-03-12 18:00,1.3238,0,240,85.97,9.3154,0,0
2021-03-12 19:00,1.2534,0,238.9,85.69,10.7356,0,0
2021-03-12 20:00,1.4179,0,240.25,84.065,11.8092,0,0
2021-03-12 21:00,1.7092,0,239.7,82.445,11.6414,0,0
2021-03-12 22:00,1.3069,0,236.7,83.01,11.8427,0,0
2021-03-12 23:00,0.6207,0,235.2,84.845,11.2612,0,0
2021-03-13 00:00,0.0963,0,234.75,86.285,11.127,0,0
2021-03-13 01:00,0.0906,18.78,235.2,86.225,11.9098,0,0
2021-03-13 02:00,1.8011,157.37,239.3,81.02,12.0328,0,0
2021-03-13 03:00,3.6433,344.295,244,73.94,11.4513,0,0
2021-03-13 04:00,6.3263,516.98,250,62.995,8.6668,0,0
2021-03-13 05:00,9.9244,647.865,255.35,41.915,4.4061,0,0
2021-03-13 06:00,12.6324,727.69,260.05,30.36,4.5291,0,0
2021-03-13 07:00,13.1125,749.73,263.3,29.305,5.9381,0,0
2021-03-13 08:00,14.2226,716.595,259.85,20.255,5.7033,0,0
2021-03-13 09:00,14.2623,619.74,260,21.175,5.1777,0,0
2021-03-13 10:00,14.1844,472.545,260.2,22.255,6.419,0,0
2021-03-13 11:00,13.4434,288.375,257.1,22.55,7.705,0,0
2021-03-13 12:00,10.2632,78.48,254.5,31.04,6.0276,0,0
2021-03-13 13:00,6.1009,0,251.7,43.1,4.9205,0,0
2021-03-13 14:00,4.9903,0,246.2,49.305,5.625,0,0
2021-03-13 15:00,3.0763,0,243.25,57.87,5.2224,0,0
2021-03-13 16:00,1.6204,0,236.7,61.295,5.256,0,0
2021-03-13 17:00,0.9681,0,231.85,62.66,7.4702,0,0
2021-03-13 18:00,-0.3593,0,231.45,67.79,6.0723,0,0
2021-03-13 19:00,-0.5514,0,228.4,68.355,5.9046,0,0
2021-03-13 20:00,-1.6896,0,224.85,71.79,6.1059,0,0
2021-03-13 21:00,-1.8268,0,222.3,70.295,7.5485,0,0
2021-03-13 22:00,-2.7619,0,220.1,68.895,8.1859,0,0
2021-03-13 23:00,-3.9727,0,220.6,71.665,5.3007,0,0
2021-03-14 00:00,-4.7257,0,219.75,73.33,4.0035,0,0
2021-03-14 01:00,-4.7004,14.415,218.7,72.76,4.6409,0,0
2021-03-14 03:00,-2.3348,136.545,220.1,66.02,7.5597,0,0
2021-03-14 04:00,0.9304,326.985,223.1,48.705,12.5696,0,0
2021-03-14 05:00,3.3251,503.29,224.25,38.17,16.1481,0,0
2021-03-14 06:00,4.7081,655.94,222.9,27.205,18.0828,0,0
2021-03-14 07:00,5.9047,709.97,226.35,20.695,16.6402,0,0
2021-03-14 08:00,6.6886,717.95,234,20.795,16.4165,0,0
2021-03-14 09:00,6.809,662.15,240.15,22.865,16.4725,0,0
2021-03-14 10:00,6.3379,499.2,243.9,27.315,16.7297,0,0
2021-03-14 11:00,5.8816,368.15,241.6,28.46,14.9739,0,0
2021-03-14 12:00,4.7147,169.115,241.95,31.82,12.6926,0,0
2021-03-14 13:00,3.239,44.59,244.6,34.87,10.9481,0,0
2021-03-14 14:00,1.1313,0,248.1,42.62,7.7945,0,0
2021-03-14 15:00,-1.0813,0,229.5,53.615,4.7192,0,0
2021-03-14 16:00,-1.1647,0,264.9,54.905,6.4302,0,0
2021-03-14 17:00,-0.8925,0,270.25,53.435,6.788,0,0
2021-03-14 18:00,-1.6682,0,271.9,58.825,6.0052,0,0
2021-03-14 19:00,-1.5162,0,273.9,60.315,5.8263,0,0
2021-03-14 20:00,-1.4231,0,278.55,59.44,8.9911,0,0
2021-03-14 21:00,-1.4251,0,294.55,61.465,10.4896,0,0
2021-03-14 22:00,-1.5569,0,301.1,63.19,10.7803,0,0
2021-03-14 23:00,-2.0469,0,291.9,63.385,10.3666,0,0
2021-03-15 00:00,-2.3975,0,288.25,63.46,10.2771,0,0
2021-03-15 01:00,-3.1374,0,284,67.03,9.9416,0,0
2021-03-15 02:00,-3.4081,8.515,295.85,68.585,11.6862,0,0
2021-03-15 03:00,-2.933,33.035,305.45,66.71,12.6703,0,0
2021-03-15 04:00,-2.9539,103.655,300.4,72.31,15.9692,0,0
2021-03-15 05:00,-2.6262,164.17,299.05,79.87,15.6673,0,0
2021-03-15 06:00,-1.8963,179.055,299.1,73.88,15.9357,0,0
2021-03-15 07:00,-1.4681,192.27,300.15,72.355,15.7344,0,0
2021-03-15 08:00,-1.8521,174.865,301.45,81.255,15.1193,0,0
2021-03-15 09:00,-1.9471,141.595,302.45,84.275,13.9116,0,0
2021-03-15 10:00,-1.4587,140.515,302.95,80.765,12.4242,0,0
2021-03-15 11:00,-1.3471,79.8,303.15,80.235,11.7756,0,0
2021-03-15 12:00,-1.5117,35.62,303.75,83.05,11.0935,0,0
2021-03-15 13:00,-1.872,11.9,303.9,86.825,11.4066,0,0
2021-03-15 14:00,-2.235,0.095,303.2,90.985,9.2706,0,0
2021-03-15 15:00,-2.3568,0,303.7,92.505,8.9687,0,0
2021-03-15 16:00,-2.3876,0,304.25,92.995,7.336,0,0
2021-03-15 17:00,-2.3503,0,304.6,93,7.3472,0,0
2021-03-15 18:00,-2.397,0,304.35,93.045,7.5149,0,0
2021-03-15 19:00,-2.4281,0,304.65,93.41,4.6856,0,0
2021-03-15 20:00,-2.4114,0,304.7,93.105,2.8069,0,0
2021-03-15 21:00,-2.3266,0.525,307.45,95.44,3.4891,0,0
2021-03-15 22:00,-2.3937,0.02,308.55,95.755,4.4284,0,0
2021-03-15 23:00,-2.4483,0.155,308.45,95.61,3.8805,0,0
2021-03-16 00:00,-2.3568,0,308.95,95.54,4.0818,0,0
2021-03-16 01:00,-2.3666,0,308.9,95.855,2.1359,0,0
2021-03-16 02:00,-2.2962,6.85,309.2,96.095,2.5385,0,0
2021-03-16 03:00,-2.0332,35.11,311.25,95.725,2.997,0,0
2021-03-16 04:00,-1.8398,66.385,312.45,94.69,4.708,0,0
2021-03-16 05:00,-1.5374,130.655,315.65,92.29,3.4555,0,0
2021-03-16 06:00,-1.346,120.42,316.15,91.015,3.9811,0,0
2021-03-16 07:00,-1.2729,125.07,316.5,92.185,5.8151,0,0
2021-03-16 08:00,-1.3326,133.865,316,93.065,7.0452,0,0
2021-03-16 09:00,-1.2138,135.205,316.65,92.02,7.09,0,0
2021-03-16 10:00,-1.0344,130.565,317.25,91.06,6.7433,0,0
2021-03-16 11:00,-0.812,95.71,317.5,88.25,6.2065,0,0
2021-03-16 12:00,-0.6732,87.795,318.45,88.08,3.8469,0,0
2021-03-16 13:00,-0.9735,26.045,315.6,93.01,4.7304,0,0
2021-03-16 14:00,-1.1665,0.335,314.15,94.52,4.4732,0,0
2021-03-16 15:00,-1.3674,0,313.3,95.7,4.1712,0,0
2021-03-16 16:00,-1.6504,0,312,94.99,4.8198,0,0
2021-03-16 17:00,-1.7625,0,311.5,94.945,4.7639,0,0
2021-03-16 18:00,-1.7446,0,311.7,95.58,4.1936,0,0
2021-03-16 19:00,-1.7156,0,312.05,96.07,3.3549,0,0
2021-03-16 20:00,-1.7351,0,311.8,96.25,1.3084,0,0
2021-03-16 21:00,-1.7291,0,311.75,96.925,2.0017,0.012,0
2021-03-16 22:00,-1.764,0,311.65,96.84,4.3949,0,0
2021-03-16 23:00,-1.9432,0,311.1,97.455,6.7098,0,0
2021-03-17 00:00,-2.1739,0,310.05,97.615,6.6427,0,0
2021-03-17 01:00,-2.3693,0,308.9,97.45,4.3278,0,0
2021-03-17 02:00,-1.8425,6.1,311.4,97.56,4.093,0,0
2021-03-17 03:00,-1.3951,39.47,314.7,97.665,4.7527,0,0
2021-03-17 04:00,-1.0028,110.115,318.9,97.515,5.8934,0,0
2021-03-17 05:00,-0.6877,167.81,319.7,97.445,7.6268,0,0
2021-03-17 06:00,-0.1875,230.52,316.4,96.225,6.6986,0,0
2021-03-17 07:00,0.8057,357.355,316.95,92.52,10.2547,0,0
2021-03-17 08:00,1.6323,147.67,320,90.145,8.499,0,0
2021-03-17 09:00,1.7093,96.655,320.1,89.655,7.6044,0,0
2021-03-17 10:00,1.9962,168.765,317.4,88.23,8.0853,0,0
2021-03-17 11:00,2.5829,171.745,315.1,81.625,10.3778,0,0
2021-03-17 12:00,2.5843,76.62,313.75,81.73,10.4784,0,0
2021-03-17 13:00,2.391,36.975,305.2,83.02,6.3184,0,0
2021-03-17 14:00,1.8798,1.06,299.55,83.345,4.0259,0,0
2021-03-17 15:00,-0.0685,0,222.5,86.115,4.2719,0,0
2021-03-17 16:00,-1.6545,0,218.25,92.395,1.7669,0,0
2021-03-17 17:00,-2.2312,0,219.5,92.155,1.4314,0,0
2021-03-17 18:00,-2.9381,0,219.15,91.915,1.5992,0,0
2021-03-17 19:00,-3.2814,0,219.65,92.06,2.8516,0,0
2021-03-17 20:00,-3.6952,0,215.45,93.52,2.6951,0,0
2021-03-17 21:00,-3.7369,0,215.5,93.465,2.7845,0,0
2021-03-17 22:00,-3.7531,0,214.5,86.295,2.8964,0,0
2021-03-17 23:00,-4.7279,0,211.3,88.675,1.6998,0,0
2021-03-18 00:00,-5.3633,0,210.75,89.875,1.4538,0,0
2021-03-18 01:00,-6.5448,0,210.85,88.305,0.9394,0,0
2021-03-18 02:00,-6.6154,58.14,211,83.36,1.2301,0,0
2021-03-18 03:00,-2.9963,241.21,210.55,78.46,2.0353,0,0
2021-03-18 04:00,0.7794,418.28,212,65.685,5.6697,0,0
2021-03-18 05:00,2.9342,559.415,218.9,55.09,6.3631,0,0
2021-03-18 06:00,4.7374,699.055,223.85,48.53,8.3425,0,0
2021-03-18 07:00,5.7758,780.96,228.15,45.68,7.9846,0,0
2021-03-18 08:00,6.5901,797.015,233.6,44.22,7.2577,0,0
2021-03-18 09:00,7.3689,755.13,236,41.66,7.3025,0,0
2021-03-18 10:00,7.9954,655.705,237.7,39.5,8.9799,0,0
2021-03-18 11:00,8.2501,507.225,237.55,37.855,10.9816,0,0
2021-03-18 12:00,8.2085,319.505,238.1,39.955,10.2212,0,0
2021-03-18 13:00,6.7544,122.155,234.6,44.96,7.8169,0,0
2021-03-18 14:00,2.561,1.225,229.15,58.865,4.8981,0,0
2021-03-18 15:00,0.37,0,225.25,70.2,5.4796,0,0
2021-03-18 16:00,0.0633,0,220.05,72.06,7.1906,0,0
2021-03-18 17:00,-0.9013,0,214.15,78.275,7.5932,0,0
2021-03-18 18:00,-1.0302,0,214.4,81.535,8.3648,0,0
2021-03-18 19:00,-1.0901,0,212,84.87,9.3713,0,0
2021-03-18 20:00,-1.5949,0,211.35,86.31,10.2547,0,0
2021-03-18 21:00,-2.3831,0,214.15,88.7,7.3025,0,0
2021-03-18 22:00,-3.4361,0,214.5,91.555,5.748,0,0
2021-03-18 23:00,-3.6277,0,216.8,91.695,6.3631,0,0
2021-03-19 00:00,-2.9288,0,220.2,90.36,8.8233,0,0
2021-03-19 01:00,-2.7066,0,219.55,90.77,7.5149,0,0
2021-03-19 02:00,-1.0638,34.87,222.6,88.75,11.8875,0,0
2021-03-19 03:00,0.5039,189.2,226.25,82.9,13.9898,0,0
2021-03-19 04:00,2.5709,381.29,232,75.38,14.8286,0,0
2021-03-19 05:00,4.9636,556.96,239.9,65.09,15.8238,0,0
2021-03-19 06:00,7.7553,691.335,247.35,54.805,15.5331,0,0
2021-03-19 07:00,9.6675,770.285,254.45,48.76,16.0251,0,0
2021-03-19 08:00,11.2094,789.98,259.8,44.05,18.9886,0,0
2021-03-19 09:00,12.1512,749.405,263.1,41.35,19.9056,0,0
2021-03-19 10:00,12.5648,650.54,264.35,40.795,18.5972,0,0
2021-03-19 11:00,12.2443,500.58,263.05,42.66,18.8097,0,0
2021-03-19 12:00,11.6811,313.38,261.8,45.045,17.9821,0,0
2021-03-19 13:00,9.549,112.19,257.2,53.29,15.5554,0,0
2021-03-19 14:00,6.7625,1.59,251.2,65.08,12.8939,0,0
2021-03-19 15:00,5.0208,0,247.25,72.225,10.1541,0,0
2021-03-19 16:00,4.025,0,245.65,76.06,10.1765,0,0
2021-03-19 17:00,2.8943,0,244.65,78.925,8.2865,0,0
2021-03-19 18:00,2.4012,0,244.1,79.52,7.9063,0,0
2021-03-19 19:00,1.5278,0,242.45,82.005,6.1842,0,0
2021-03-19 20:00,1.866,0,242,82.445,7.6044,0,0
2021-03-19 21:00,1.7608,0,238.85,83.665,6.5196,0,0
2021-03-19 22:00,1.3492,0,237.35,85.775,7.4143,0,0
2021-03-19 23:00,1.2174,0,235.95,86.745,8.3425,0,0
2021-03-20 00:00,0.4181,0,238.2,89.545,6.5308,0,0
2021-03-20 01:00,0.2875,0,246.3,90.585,6.7769,0,0
2021-03-20 02:00,0.8636,22.93,243.5,89.985,7.3584,0,0
2021-03-20 03:00,2.9621,183.12,245.1,84.215,8.8569,0,0
2021-03-20 04:00,5.4242,363.505,251.3,73.945,11.6973,0,0
2021-03-20 05:00,7.5317,514.23,259.5,65.48,12.1447,0,0
2021-03-20 06:00,10.6598,672.09,275.7,55.855,13.9675,0,0
2021-03-20 07:00,13.0858,764.275,278.95,47.65,12.9386,0,0
2021-03-20 08:00,14.5818,749.165,288.65,43.88,13.0617,0,0
2021-03-20 09:00,15.519,524.505,314.85,41.64,14.2694,0,0
2021-03-20 10:00,16.7863,630.96,305.5,37.78,16.5507,0,0
2021-03-20 11:00,16.4415,375.765,303.6,38.735,14.8062,0,0
2021-03-20 12:00,16.209,260.23,306.8,40.085,11.3171,0,0
2021-03-20 13:00,15.019,108.53,294,42.865,7.5149,0,0
2021-03-20 14:00,11.2256,1.995,287.1,53.645,2.7845,0,0
2021-03-20 15:00,8.7424,0,281.95,63.085,3.9811,0,0
2021-03-20 16:00,8.3435,0,280,65.005,8.2418,0,0
2021-03-20 17:00,8.7692,0,280.8,55.025,7.4255,0,0
2021-03-20 18:00,7.6887,0,306.4,52.64,8.9352,0,0
2021-03-20 19:00,5.3957,0,274.4,59.045,7.5708,0,0
2021-03-20 20:00,3.2361,0,261.7,66.65,7.5261,0,0
2021-03-20 21:00,2.4607,0,257.65,69.59,9.5726,0,0
2021-03-20 22:00,2.4268,1.025,259.1,69.46,9.6397,0,0
2021-03-20 23:00,2.192,0,285.5,70.83,10.7244,0,0
2021-03-20 19:00,16.5653,0,314.4261,1.0399,4.7592,0,0
2021-03-20 20:00,14.9553,0,314.4261,1.0043,4.5518,0,0
2021-03-20 21:00,13.4709,0,314.4261,0.9788,4.4685,0,0
2021-03-20 22:00,12.1138,0,314.4261,0.9628,4.4943,0,0
2021-03-20 23:00,10.8852,0,314.4261,0.9555,4.6138,0,0
2021-03-21 00:00,9.7868,0,314.4261,0.9558,4.8119,0,0
2021-03-21 01:00,8.8199,0,327,0.9625,5.0734,0.006,0
2021-03-21 02:00,7.9868,0,327,0.9742,5.3792,0.006,0
2021-03-21 03:00,7.2934,0,327,0.9887,5.6943,0.006,0
2021-03-21 04:00,6.7461,0,327,1.0037,5.9796,0.006,0
2021-03-21 05:00,6.3517,0,327,1.017,6.1963,0.006,0
2021-03-21 06:00,6.1167,0,327,1.0259,6.3052,0.006,0
2021-03-21 07:00,6.0478,0,322,1.028,6.2675,0.0068,0
2021-03-21 08:00,6.1473,53.6809,322,1.0215,6.064,0.0068,0
2021-03-21 09:00,6.4002,122.4528,322,1.0064,5.7549,0.0068,0
2021-03-21 10:00,6.7874,182.7803,322,0.9833,5.42,0.0068,0
2021-03-21 11:00,7.2896,230.5563,322,0.9532,5.1394,0.0068,0
2021-03-21 12:00,7.8876,262.5297,322,0.9167,4.9929,0.0068,0
2021-03-21 13:00,8.5622,507.9621,308,0.8746,5.0606,0,0
2021-03-21 14:00,9.2815,498.909,308,0.8279,5.3912,0,0
2021-03-21 15:00,9.9626,455.7201,308,0.7789,5.9095,0,0
2021-03-21 16:00,10.5101,381.3508,308,0.7297,6.5089,0,0
2021-03-21 17:00,10.8284,280.8824,308,0.6819,7.083,0,0
2021-03-21 18:00,10.8219,161.1757,308,0.637,7.5252,0,0
2021-03-21 19:00,10.3953,24,235,0.5963,7.7291,0,0
2021-03-21 20:00,9.4901,0,235,0.5605,7.6171,0,0
2021-03-21 21:00,8.1977,0,235,0.5292,7.2266,0,0
2021-03-21 22:00,6.6464,0,235,0.5021,6.624,0,0
2021-03-21 23:00,4.9646,0,235,0.4795,5.8757,0,0
2021-03-22 00:00,3.2809,0,235,0.4619,5.0481,0,0
2021-03-22 01:00,1.7236,0,213,0.45,4.2074,0,0
2021-03-22 02:00,0.4053,0,213,0.4444,3.4119,0,0
2021-03-22 03:00,-0.6251,0,213,0.4439,2.6876,0,0
2021-03-22 04:00,-1.3345,0,213,0.4465,2.0523,0,0
2021-03-22 05:00,-1.6899,0,213,0.4498,1.5239,0,0
2021-03-22 06:00,-1.6584,0,213,0.4515,1.1202,0,0
2021-03-22 07:00,-1.2068,0,221.3822,0.4492,0.859,0,0
2021-03-22 08:00,-0.3279,144.7275,221.3822,0.4414,0.7532,0,0
2021-03-22 09:00,0.8827,321.849,221.3822,0.4298,0.7954,0,0
2021-03-22 10:00,2.3034,477.1508,221.3822,0.417,0.9733,0,0
2021-03-22 11:00,3.8128,600.0601,221.3822,0.4051,1.2745,0,0
2021-03-22 12:00,5.2895,682.2127,221.3822,0.3962,1.6868,0,0
2021-03-22 13:00,6.6119,733.5053,244.4261,0.3922,2.1978,0,0
2021-03-22 14:00,7.6784,720.2681,244.4261,0.3942,2.7891,0,0
2021-03-22 15:00,8.4659,658.1296,244.4261,0.4017,3.4187,0,0
2021-03-22 16:00,8.9708,551.3421,244.4261,0.4141,4.0384,0,0
2021-03-22 17:00,9.1897,407.2021,244.4261,0.4305,4.6001,0,0
2021-03-22 18:00,9.1192,235.5527,244.4261,0.4506,5.0556,0,0
2021-03-22 19:00,8.7559,36,240.4265,0.4738,5.3569,0,0
2021-03-22 20:00,8.1094,0,240.4265,0.4995,5.4674,0,0
2021-03-22 21:00,7.2424,0,240.4265,0.5263,5.3969,0,0
2021-03-22 22:00,6.2306,0,240.4265,0.5523,5.1667,0,0
2021-03-22 23:00,5.1496,0,240.4265,0.5752,4.7982,0,0
2021-03-23 00:00,4.0752,0,240.4265,0.5926,4.3127,0,0
2021-03-23 01:00,3.0832,0,256,0.602,3.7315,0,0
2021-03-23 02:00,2.2425,0,256,0.6016,3.0832,0,0
2021-03-23 03:00,1.5948,0,256,0.5939,2.425,0,0
2021-03-23 04:00,1.1751,0,256,0.5825,1.8214,0,0
2021-03-23 05:00,1.0183,0,256,0.5716,1.3369,0,0
2021-03-23 06:00,1.1594,0,256,0.565,1.0359,0,0
2021-03-23 07:00,1.6333,0,256,0.5668,0.9828,0,0
2021-03-23 08:00,2.4494,124.9746,256,0.5792,1.2216,0,0
2021-03-23 09:00,3.5146,271.3647,256,0.6,1.7136,0,0
2021-03-23 10:00,4.7102,399.6615,256,0.6257,2.3997,0,0
2021-03-23 11:00,5.9177,501.131,256,0.6534,3.2209,0,0
2021-03-23 12:00,7.0185,568.8682,256,0.6804,4.1178,0,0
2021-03-23 13:00,7.8938,584.8743,272,0.7046,5.0315,0.0011,0
2021-03-23 14:00,8.4494,574.1894,272,0.7247,5.9105,0.0011,0
2021-03-23 15:00,8.6878,524.8194,272,0.7414,6.7336,0.0011,0
2021-03-23 16:00,8.6361,440.1431,272,0.7555,7.4877,0.0011,0
2021-03-23 17:00,8.3212,325.9464,272,0.7679,8.1594,0.0011,0
2021-03-23 18:00,7.77,190.0275,272,0.7796,8.7354,0.0011,0
2021-03-23 19:00,7.0095,24,292,0.791,9.2023,0.002,0
2021-03-23 20:00,6.0687,0,292,0.8026,9.5498,0.002,0
2021-03-23 21:00,4.9852,0,292,0.8124,9.78,0.002,0
2021-03-23 22:00,3.7985,0,292,0.8181,9.8976,0.002,0
2021-03-23 23:00,2.5484,0,292,0.8169,9.9075,0.002,0
2021-03-24 00:00,1.2743,0,292,0.8059,9.8148,0.002,0
2021-03-24 01:00,0.0161,0,256,0.7821,9.6242,3e-4,0
2021-03-24 02:00,-1.1855,0,256,0.7433,9.3448,3e-4,0
2021-03-24 03:00,-2.2843,0,256,0.6922,9.0014,3e-4,0
2021-03-24 04:00,-3.233,0,256,0.633,8.6229,3e-4,0
2021-03-24 05:00,-3.9842,0,256,0.5707,8.2382,3e-4,0
2021-03-24 06:00,-4.4906,0,256,0.5107,7.8761,3e-4,0
2021-03-24 07:00,-4.7047,0,206,0.4588,7.5657,0,0
2021-03-24 08:00,-4.5993,152.9148,206,0.4195,7.3258,0,0
2021-03-24 09:00,-4.2272,324.6602,206,0.3922,7.1358,0,0
2021-03-24 10:00,-3.6614,475.1088,206,0.3747,6.9654,0,0
2021-03-24 11:00,-2.9747,594.0186,206,0.3647,6.7839,0,0
2021-03-24 12:00,-2.2402,673.2977,206,0.3595,6.5609,0,0
2021-03-24 13:00,-1.5307,755.253,209,0.3567,6.266,0,0
2021-03-24 14:00,-0.9088,741.2892,209,0.3545,5.8796,0,0
2021-03-24 15:00,-0.3951,677.7622,209,0.3526,5.4265,0,0
2021-03-24 16:00,2e-4,569.0195,209,0.3513,4.9424,0,0
2021-03-24 17:00,0.2669,422.4915,209,0.3509,4.4633,0,0
2021-03-24 18:00,0.3946,248.1846,209,0.3517,4.0248,0,0
2021-03-24 19:00,0.3733,42,215.0558,0.3538,3.6627,0,0
2021-03-24 20:00,0.1995,0,215.0558,0.3576,3.4064,0,0
2021-03-24 21:00,-0.1029,0,215.0558,0.363,3.2603,0,0
2021-03-24 22:00,-0.503,0,215.0558,0.3702,3.2221,0,0
2021-03-24 23:00,-0.9699,0,215.0558,0.379,3.2897,0,0
2021-03-25 00:00,-1.473,0,215.0558,0.3895,3.4611,0,0
2021-03-25 01:00,-1.9814,0,252,0.4017,3.7339,0,0
2021-03-25 02:00,-2.4599,0,252,0.4154,4.1047,0,0
2021-03-25 03:00,-2.8561,0,252,0.4298,4.5636,0,0
2021-03-25 04:00,-3.1134,0,252,0.4439,5.0993,0,0
2021-03-25 05:00,-3.1751,0,252,0.4564,5.7005,0,0
2021-03-25 06:00,-2.9843,0,252,0.4663,6.3557,0,0
2021-03-25 07:00,-2.4844,0,266,0.4724,7.0537,0,0
2021-03-25 08:00,-1.6447,112.8946,266,0.4742,7.7717,0,0
2021-03-25 09:00,-0.5391,234.6745,266,0.4739,8.4405,0,0
2021-03-25 10:00,0.7324,341.3039,266,0.4742,8.9795,0,0
2021-03-25 11:00,2.0701,425.5238,266,0.4774,9.3081,0,0
2021-03-25 12:00,3.3738,481.6032,266,0.4861,9.3457,0,0
2021-03-25 13:00,4.5437,473.1841,295.2704,0.5023,9.0116,4e-4,0
2021-03-25 14:00,5.4969,464.3326,295.2704,0.5274,8.2671,4e-4,0
2021-03-25 15:00,6.219,424.6698,295.2704,0.5591,7.2405,4e-4,0
2021-03-25 16:00,6.7126,356.91,295.2704,0.5942,6.1019,4e-4,0
2021-03-25 17:00,6.9802,265.6834,295.2704,0.6298,5.0216,4e-4,0
2021-03-25 18:00,7.0246,157.22,295.2704,0.6633,4.1696,4e-4,0
2021-03-25 19:00,6.8484,18,318.4601,0.6918,3.7162,0.008,0
2021-03-25 20:00,6.4643,0,318.4601,0.7132,3.7753,0.008,0
2021-03-25 21:00,5.9268,0,318.4601,0.7296,4.2364,0.008,0
2021-03-25 22:00,5.3002,0,318.4601,0.7438,4.933,0.008,0
2021-03-25 23:00,4.6491,0,318.4601,0.7587,5.6983,0.008,0
2021-03-26 00:00,4.0381,0,318.4601,0.7771,6.3656,0.008,0
2021-03-26 01:00,3.5315,0,313,0.8022,6.7684,0.002,0
2021-03-26 02:00,3.1767,0,313,0.8354,6.7878,0.002,0
2021-03-26 03:00,2.9512,0,313,0.8722,6.4963,0.002,0
2021-03-26 04:00,2.8152,0,313,0.9064,6.0142,0.002,0
2021-03-26 05:00,2.7291,0,313,0.9321,5.4617000000000004,0.002,0
2021-03-26 06:00,2.6532,0,313,0.9433,4.9591,0.002,0
2021-03-26 07:00,2.5476,0,291,0.9339,4.6268,0.0028,0
2021-03-26 08:00,2.3848,113.601,291,0.9002,4.5536,0.0028,0
2021-03-26 09:00,2.1854,231.4766,291,0.8471,4.7025,0.0028,0
2021-03-26 10:00,1.982,334.6394,291,0.7816,5.0053,0.0028,0
2021-03-26 11:00,1.8074,416.0663,291,0.7113,5.3936,0.0028,0
2021-03-26 12:00,1.6941,470.2166,291,0.6439,5.7991,0.0028,0
2021-03-26 13:00,1.675,645.9135,250,0.5873,6.1534,0,0
2021-03-26 14:00,1.7652,633.6924,250,0.5477,6.4011,0,0
2021-03-26 15:00,1.9103,579.7369,250,0.5236,6.539,0,0
2021-03-26 16:00,2.0384,487.7397,250,0.5113,6.5767,0,0
2021-03-26 17:00,2.0775,363.9871,250,0.5071,6.5238,0,0
2021-03-26 18:00,1.9558,216.9303,250,0.5073,6.39,0,0
2021-03-26 19:00,1.6013,42,209,0.5083,6.185,0,0
2021-03-26 20:00,0.9675,0,209,0.507,5.9209,0,0
2021-03-26 21:00,0.1089,0,209,0.5035,5.6201,0,0
2021-03-26 22:00,-0.8945,0,209,0.4987,5.3075,0,0
2021-03-26 23:00,-1.9627,0,209,0.4933,5.008,0,0
2021-03-27 00:00,-3.0159,0,209,0.4884,4.7466,0,0
2021-03-27 01:00,-3.9741,0,203.9991,0.485,4.5482,0,0
2021-03-27 02:00,-4.7686,0,203.9991,0.484,4.4313,0,0
2021-03-27 03:00,-5.3761,0,203.9991,0.4845,4.3888,0,0
2021-03-27 04:00,-5.7843,0,203.9991,0.485,4.4075,0,0
2021-03-27 05:00,-5.9812,0,203.9991,0.4841,4.4738,0,0
2021-03-27 06:00,-5.9545,0,203.9991,0.4802,4.5745,0,0
2021-03-27 07:00,-5.6921,0,205.7612,0.472,4.696,0,0
2021-03-27 08:00,-5.1948,169.8507,205.7612,0.4585,4.8269,0,0
2021-03-27 09:00,-4.5143,339.6268,205.7612,0.4413,4.9629,0,0
2021-03-27 10:00,-3.7153,488.1426,205.7612,0.4222,5.1017,0,0
2021-03-27 11:00,-2.8626,605.288,205.7612,0.403,5.2409,0,0
2021-03-27 12:00,-2.0209,683.0918,205.7612,0.3853,5.3781,0,0
2021-03-27 13:00,-1.2549,765.3073,210,0.3706,5.5109,0,0
2021-03-27 14:00,-0.6214,750.6658,210,0.36,5.6338,0,0
2021-03-27 15:00,-0.1458,686.9537,210,0.3534,5.7284,0,0
2021-03-27 16:00,0.1542,578.5313,210,0.3505,5.7734,0,0
2021-03-27 17:00,0.261,432.8076,210,0.3509,5.7472,0,0
2021-03-27 18:00,0.157,259.7343,210,0.3545,5.6283,0,0
2021-03-27 19:00,-0.1753,48,199,0.361,5.3952,0,0
2021-03-27 20:00,-0.7401,0,199,0.3702,5.0363,0,0
2021-03-27 21:00,-1.4866,0,199,0.3816,4.579,0,0
2021-03-27 22:00,-2.3509,0,199,0.3945,4.0607,0,0
2021-03-27 23:00,-3.2688,0,199,0.4083,3.5186,0,0
2021-03-28 00:00,-4.1761,0,199,0.4222,2.9901,0,0
2021-03-28 01:00,-5.0087,0,194,0.4352,2.5123,0,0
2021-03-28 02:00,-5.7043,0,194,0.4465,2.1187,0,0
2021-03-28 03:00,-6.2081,0,194,0.4556,1.8268,0,0
2021-03-28 04:00,-6.4671,0,194,0.4618,1.6501,0,0
2021-03-28 05:00,-6.4283,0,194,0.4646,1.6022,0,0
2021-03-28 06:00,-6.0387,0,194,0.4637,1.6968,0,0
2021-03-28 07:00,-5.2452,0,209,0.4587,1.9473,0,0
2021-03-28 08:00,-4.0289,175.1316,209,0.4497,2.3578,0,0
2021-03-28 09:00,-2.5062,343.9925,209,0.4384,2.8936,0,0
2021-03-28 10:00,-0.8274,491.6389,209,0.4269,3.5105,0,0
2021-03-28 11:00,0.857,608.0201,209,0.4169,4.1644,0,0
2021-03-28 12:00,2.3968,685.2169,209,0.4099,4.8111,0,0
2021-03-28 13:00,3.6414,568.9143,270.981,0.4076,5.4062,0,0
2021-03-28 14:00,4.482,557.9124,270.981,0.4107,5.9158,0,0
2021-03-28 15:00,4.9747,510.7088,270.981,0.4191,6.3464,0,0
2021-03-28 16:00,5.2171,430.5345,270.981,0.4319,6.7146,0,0
2021-03-28 17:00,5.3069,322.868,270.981,0.4485,7.0372,0,0
2021-03-28 18:00,5.3416,195.0621,270.981,0.4683,7.3307,0,0
2021-03-28 19:00,5.4188,18,304,0.4905,7.6118,0,0
2021-03-28 20:00,5.6064,0,304,0.5141,7.8913,0,0
2021-03-28 21:00,5.8529,0,304,0.5389,8.1558,0,0
2021-03-28 22:00,6.0773,0,304,0.5643,8.386,0,0
2021-03-28 23:00,6.1984,0,304,0.5902,8.5627,0,0
2021-03-29 00:00,6.135,0,304,0.6168,8.6666,0,0
2021-03-29 01:00,5.8061,0,295,0.644,8.6784,0,0
2021-03-29 02:00,5.1658,0,295,0.6718,8.5889,0,0
2021-03-29 03:00,4.3099,0,295,0.6983,8.4293,0,0
2021-03-29 04:00,3.3693,0,295,0.721,8.2406,0,0
2021-03-29 05:00,2.4752,0,295,0.7371,8.0641,0,0
2021-03-29 06:00,1.7584,0,295,0.7434,7.9411,0,0
2021-03-29 07:00,1.35,2.2345,246,0.7369,7.9126,0,0
2021-03-29 08:00,1.3355,151.2986,246,0.7156,8.0066,0,0
2021-03-29 09:00,1.6178,292.1976,246,0.6828,8.1975,0,0
2021-03-29 10:00,2.0544,415.3379,246,0.6425,8.4466,0,0
2021-03-29 11:00,2.5026,512.3369,246,0.5987,8.7151,0,0
2021-03-29 12:00,2.8198,576.5944,246,0.5549,8.9641,0,0
2021-03-29 13:00,2.8635,669.6605,250.0349,0.5142,9.1549,4e-4,0
2021-03-29 14:00,2.5305,656.5742,250.0349,0.4786,9.2593,4e-4,0
2021-03-29 15:00,1.8753,601.1961,250.0349,0.4475,9.2908,4e-4,0
2021-03-29 16:00,0.9918,507.3166,250.0349,0.4201,9.274,4e-4,0
2021-03-29 17:00,-0.0258,381.351,250.0349,0.3956,9.233,4e-4,0
2021-03-29 18:00,-1.0837,231.9016,250.0349,0.3735,9.1921,4e-4,0
2021-03-29 19:00,-2.0879,48,220,0.3536,9.1757,0,0
2021-03-29 20:00,-2.9652,0,220,0.3356,9.201,0,0
2021-03-29 21:00,-3.7255,0,220,0.3202,9.2573,0,0
2021-03-29 22:00,-4.3998,0,220,0.3079,9.3266,0,0
2021-03-29 23:00,-5.0187,0,220,0.2993,9.3911,0,0
2021-03-30 00:00,-5.6131,0,220,0.2948,9.4331,0,0
2021-03-30 01:00,-6.2138,0,209,0.2951,9.4347,8e-4,0
2021-03-30 02:00,-6.8385,0,209,0.3001,9.3866,8e-4,0
2021-03-30 03:00,-7.4523,0,209,0.3084,9.3145,8e-4,0
2021-03-30 04:00,-8.0074,0,209,0.318,9.2524,8e-4,0
2021-03-30 05:00,-8.4556,0,209,0.3266,9.2344,8e-4,0
2021-03-30 06:00,-8.7491,0,209,0.332,9.2947,8e-4,0
2021-03-30 07:00,-8.84,8.1833,211,0.332,9.4675,8e-4,0
2021-03-30 08:00,-8.6997,174.445,211,0.325,9.7715,8e-4,0
2021-03-30 09:00,-8.3774,331.5394,211,0.3127,10.1647,8e-4,0
2021-03-30 10:00,-7.9418,468.7703,211,0.2972,10.5893,8e-4,0
2021-03-30 11:00,-7.4616,576.7959,211,0.2808,10.988,8e-4,0
2021-03-30 12:00,-7.0053,648.2661,211,0.2656,11.3032,8e-4,0
2021-03-30 13:00,-6.6417,717.4924,205,0.2536,11.4774,0,0
2021-03-30 14:00,-6.4247,703.3287,205,0.2461,11.4696,0,0
2021-03-30 15:00,-6.3505,644.1905,205,0.2426,11.3044,0,0
2021-03-30 16:00,-6.4001,544.1255,205,0.2422,11.0228,0,0
2021-03-30 17:00,-6.5551,409.9718,205,0.244,10.6659,0,0
2021-03-30 18:00,-6.7967,250.891,205,0.2471,10.2749,0,0
2021-03-30 19:00,-7.1063,48,182.8771,0.2505,9.8907,0,0
2021-03-30 20:00,-7.4666,0,182.8771,0.2536,9.5441,0,0
2021-03-30 21:00,-7.8654,0,182.8771,0.2561,9.2244,0,0
2021-03-30 22:00,-8.292,0,182.8771,0.2582,8.9105,0,0
2021-03-30 23:00,-8.7356,0,182.8771,0.2598,8.5814,0,0
